"Time (s)","Linear Acceleration x (m/s^2)","Linear Acceleration y (m/s^2)","Linear Acceleration z (m/s^2)","Absolute acceleration (m/s^2)"
1.145726040E-1,-3.590880632E-1,1.033477783E-1,-2.822761536E-1,4.682999331E-1
1.195774870E-1,-3.639405966E-1,8.885431290E-2,-2.812299728E-1,4.684422530E-1
1.245823700E-1,-3.623154163E-1,7.388114929E-2,-2.906808853E-1,4.703469594E-1
1.296482880E-1,-3.543409705E-1,2.181148529E-2,-2.440261841E-1,4.307923430E-1
1.347142060E-1,-3.446332812E-1,5.038881302E-2,-1.846656799E-1,3.942239774E-1
1.397496060E-1,-2.991548181E-1,6.901073456E-2,-1.126937866E-1,3.270412454E-1
1.447850070E-1,-2.674010992E-1,4.832077026E-2,-6.716537476E-2,2.799096859E-1
1.498509250E-1,-1.865698695E-1,5.855655670E-2,-1.690483093E-2,1.962726671E-1
1.548558070E-1,-1.553549767E-1,1.100506783E-1,5.647659302E-2,1.985848084E-1
1.598912080E-1,-1.121428609E-1,1.138081551E-1,1.317062378E-1,2.070624314E-1
1.649571260E-1,-8.755511045E-2,6.234025955E-2,2.204828262E-1,2.452853073E-1
1.699925260E-1,-6.224828959E-2,5.436658859E-2,3.179607391E-1,3.285264177E-1
1.750279270E-1,-9.407454729E-2,5.579948425E-2,3.548717499E-1,3.713456096E-1
1.800633270E-1,-1.301100254E-1,1.736450195E-2,4.260768890E-1,4.458381545E-1
1.851292450E-1,-1.913440824E-1,6.747007370E-2,4.982976913E-1,5.380198490E-1
1.901951630E-1,-2.561582923E-1,4.537487030E-2,4.581737518E-1,5.268767754E-1
1.952305630E-1,-2.638311386E-1,-3.289556503E-2,4.088478088E-1,4.876940831E-1
2.002659640E-1,-2.462431192E-1,-6.569528580E-2,3.015489578E-1,3.948206154E-1
2.053013640E-1,-2.387815714E-1,-3.794956207E-2,1.515522003E-1,2.853504468E-1
2.103672820E-1,-1.945566535E-1,-3.713989258E-2,6.437015533E-2,2.082670880E-1
2.154026820E-1,-1.283388734E-1,-2.731704712E-2,-2.722454071E-2,1.340084441E-1
2.204686000E-1,-6.126552820E-2,-1.084899902E-2,-2.119874954E-1,2.209295452E-1
2.255040010E-1,-2.821016312E-2,3.357458115E-2,-2.874584198E-1,2.907841277E-1
2.305699190E-1,1.592212915E-2,7.036876678E-2,-3.171653748E-1,3.252678165E-1
2.356053190E-1,6.157183647E-2,8.849000931E-2,-3.165426254E-1,3.343961820E-1
2.406712370E-1,7.349616289E-2,1.024222374E-1,-3.283309937E-1,3.517005005E-1
2.457066380E-1,2.655673027E-2,1.076474190E-1,-3.008508682E-1,3.206313641E-1
2.507420380E-1,-3.016591072E-3,1.300716400E-1,-2.115125656E-1,2.483249822E-1
2.558079560E-1,-3.710031509E-2,1.458196640E-1,-1.294107437E-1,1.984614531E-1
2.608433560E-1,-8.045905828E-2,1.080093384E-1,-4.479980469E-2,1.419390705E-1
2.658787570E-1,-1.047318578E-1,5.963468552E-2,7.300662994E-2,1.409078627E-1
2.709446750E-1,-1.759353876E-1,3.595209122E-2,1.507740021E-1,2.344751867E-1
2.759800750E-1,-1.994672418E-1,2.673768997E-2,2.341461182E-1,3.087498814E-1
2.810154750E-1,-2.350749373E-1,-3.171491623E-2,3.207969666E-1,3.989696177E-1
2.860813930E-1,-2.353569269E-1,-3.998756409E-2,3.708734512E-1,4.410657606E-1
2.911167940E-1,-2.337257266E-1,-6.273365021E-2,3.852510452E-1,4.549522986E-1
2.961521940E-1,-2.346283197E-1,-1.069707870E-1,3.694438934E-1,4.505352240E-1
3.012181120E-1,-2.569161057E-1,-8.987760544E-2,3.661699295E-1,4.562502456E-1
3.062535130E-1,-2.269331813E-1,-1.348066330E-1,3.492994308E-1,4.378145606E-1
3.112889130E-1,-2.254999876E-1,-1.017818451E-1,2.766456604E-1,3.711369152E-1
3.163243130E-1,-2.451671362E-1,-5.544853210E-2,1.607646942E-1,2.983735097E-1
3.213291960E-1,-2.996047735E-1,-3.111457825E-2,1.598663330E-1,3.410108235E-1
3.264256320E-1,-3.815012574E-1,2.361440659E-2,1.047620773E-1,3.963280743E-1
3.314915500E-1,-4.009202719E-1,7.060289383E-2,1.328659058E-1,4.282232851E-1
3.365574680E-1,-3.919833899E-1,1.286630630E-1,1.487617493E-1,4.385603947E-1
3.415928680E-1,-4.045487046E-1,1.506228447E-1,1.643428802E-1,4.619041871E-1
3.466587860E-1,-3.957911134E-1,1.839394569E-1,1.632957458E-1,4.659933796E-1
3.516941860E-1,-4.059638977E-1,2.660260201E-1,6.347465515E-2,4.894952108E-1
3.567295870E-1,-3.967216015E-1,3.632674217E-1,-7.010459900E-2,5.424628131E-1
3.617955050E-1,-4.223291278E-1,4.544153214E-1,-1.404209137E-1,6.360606964E-1
3.668309050E-1,-4.494689107E-1,5.374078751E-1,-2.051458359E-1,7.300098217E-1
3.718663060E-1,-4.808622003E-1,6.714887619E-1,-2.927446365E-1,8.762562612E-1
3.769322230E-1,-4.741016030E-1,6.886210442E-1,-3.015804291E-1,8.887755778E-1
3.819676240E-1,-4.767510891E-1,6.636834145E-1,-3.153944016E-1,8.759228871E-1
3.870030240E-1,-4.701077938E-1,6.608748436E-1,-2.184019089E-1,8.399144543E-1
3.920689420E-1,-4.853780866E-1,6.300287247E-1,-9.685707092E-2,8.011924694E-1
3.971043430E-1,-4.752894640E-1,5.831818581E-1,1.123428345E-2,7.524143561E-1
4.021397430E-1,-4.781109095E-1,6.050992012E-1,4.974651337E-2,7.727935045E-1
4.072056610E-1,-4.957793355E-1,5.599794388E-1,5.988121033E-2,7.503065245E-1
4.122410610E-1,-4.925783873E-1,5.902109146E-1,9.654140472E-2,7.747919941E-1
4.172764620E-1,-4.851498604E-1,5.907645226E-1,3.469467163E-3,7.644508783E-1
4.223118620E-1,-4.402447343E-1,6.305332184E-1,-8.300018311E-2,7.734834167E-1
4.273777800E-1,-3.701899052E-1,6.476335526E-1,-1.322431564E-1,7.576001826E-1
4.324131810E-1,-3.390455842E-1,6.806950569E-1,-2.396860123E-1,7.973374776E-1
4.374790980E-1,-3.082900047E-1,7.177252769E-1,-3.053197861E-1,8.386849659E-1
4.425144990E-1,-2.421875000E-1,8.086328506E-1,-3.842916489E-1,9.274815058E-1
4.475498990E-1,-2.142416835E-1,8.489227295E-1,-4.742069244E-1,9.957115580E-1
4.526158170E-1,-2.284711599E-1,9.385952950E-1,-5.111436844E-1,1.092898927E0
4.576512180E-1,-2.370536923E-1,9.899234772E-1,-5.220136642E-1,1.143958570E0
4.626866180E-1,-2.119576335E-1,1.027169704E0,-4.598655701E-1,1.145198665E0
4.677525360E-1,-2.203519344E-1,1.041174412E0,-3.752870560E-1,1.128467769E0
4.727879360E-1,-2.217849493E-1,1.036746502E0,-2.707500458E-1,1.094229163E0
4.778233370E-1,-2.072504163E-1,9.927000999E-1,-1.084680557E-1,1.019888005E0
4.828892550E-1,-2.242513895E-1,8.878092766E-1,4.615783691E-3,9.157048120E-1
4.879246550E-1,-2.369738817E-1,7.817673683E-1,1.378555298E-1,8.284449202E-1
4.929600560E-1,-2.673429847E-1,7.385058403E-1,2.863454819E-1,8.359766041E-1
4.980259730E-1,-3.108139038E-1,5.938119888E-1,4.192619324E-1,7.905684846E-1
5.030613740E-1,-2.986589670E-1,5.332865715E-1,5.559320450E-1,8.262276832E-1
5.080967740E-1,-2.624357939E-1,4.540214539E-1,6.609010696E-1,8.436813678E-1
5.131626920E-1,-1.971424222E-1,3.225784302E-1,7.537441254E-1,8.432391030E-1
5.181980930E-1,-1.165348291E-1,2.576079369E-1,8.253154755E-1,8.724034901E-1
5.232334930E-1,1.122236252E-3,1.682915688E-1,7.881975174E-1,8.059644148E-1
5.282688930E-1,1.253583431E-1,5.242156982E-2,6.932115555E-1,7.064028566E-1
5.333348110E-1,2.492929697E-1,2.900266647E-2,5.834379196E-1,6.351282905E-1
5.383702120E-1,3.310183883E-1,1.449251175E-2,5.131912231E-1,6.108587707E-1
5.434361300E-1,4.068862200E-1,-5.204200745E-3,3.775777817E-1,5.551112149E-1
5.484715300E-1,4.917381406E-1,-9.125757217E-2,3.143987656E-1,5.907460767E-1
5.535069310E-1,4.692797661E-1,-1.955180168E-1,3.157253265E-1,5.984423745E-1
5.585728480E-1,3.827257156E-1,-2.751150131E-1,3.311872482E-1,5.760661744E-1
5.636082490E-1,2.773852944E-1,-3.066349030E-1,3.511991501E-1,5.425019892E-1
5.686436490E-1,1.556234360E-1,-3.951749802E-1,3.712129593E-1,5.640753318E-1
5.737095670E-1,3.403139114E-2,-4.789190292E-1,3.392953873E-1,5.879140515E-1
5.787449680E-1,-5.715185404E-2,-5.624437332E-1,3.009042740E-1,6.404316275E-1
5.837803680E-1,-1.731299758E-1,-5.793166161E-1,2.157583237E-1,6.419761556E-1
5.888462860E-1,-2.688578367E-1,-6.679520607E-1,7.733917236E-2,7.241725204E-1
5.938816860E-1,-3.163226247E-1,-7.537484169E-1,-9.756565094E-2,8.232349210E-1
5.989170870E-1,-3.543741107E-1,-8.435425758E-1,-2.092170715E-1,9.385717184E-1
6.039524870E-1,-3.570085168E-1,-8.966951370E-1,-3.152904510E-1,1.015344926E0
6.090184050E-1,-3.436678052E-1,-9.774808884E-1,-4.064769745E-1,1.113013916E0
6.140538060E-1,-2.979635000E-1,-1.028360367E0,-4.760179520E-1,1.171708318E0
6.190892060E-1,-2.155814171E-1,-1.127852440E0,-4.221153259E-1,1.223400107E0
6.241551240E-1,-1.087962389E-1,-1.256669998E0,-3.810262680E-1,1.317663509E0
6.291905240E-1,-2.744686604E-2,-1.305291653E0,-3.907070160E-1,1.362788172E0
6.342259250E-1,1.048138142E-1,-1.390852451E0,-3.794431686E-1,1.445487321E0
6.392918430E-1,2.216079831E-1,-1.475271225E0,-2.879447937E-1,1.519357591E0
6.443272430E-1,3.205388188E-1,-1.575167656E0,-1.975698471E-1,1.619546888E0
6.493931610E-1,3.729909062E-1,-1.631381989E0,-1.413002014E-1,1.679432986E0
6.544285610E-1,4.672688842E-1,-1.713176250E0,-1.022214890E-1,1.778696800E0
6.594639620E-1,5.298466086E-1,-1.801753044E0,-1.582946777E-1,1.884703867E0
6.645298800E-1,5.756996870E-1,-1.882900715E0,-1.733903885E-1,1.976565066E0
6.695652800E-1,5.933794975E-1,-1.942287922E0,-1.978263855E-1,2.040518777E0
6.746006810E-1,6.309341788E-1,-1.972959042E0,-2.862062454E-1,2.091066554E0
6.796360810E-1,6.175593138E-1,-1.975109100E0,-4.595031738E-1,2.119806272E0
6.847019990E-1,6.540697217E-1,-2.005985737E0,-5.555620193E-1,2.181842142E0
6.897373990E-1,6.760007143E-1,-2.015206814E0,-6.536035538E-1,2.223788001E0
6.947728000E-1,6.764786243E-1,-1.974237442E0,-8.202962875E-1,2.242347610E0
6.998387180E-1,7.244943976E-1,-1.987728119E0,-9.008932114E-1,2.299470327E0
7.048741180E-1,7.360568047E-1,-1.981122017E0,-9.747447968E-1,2.327391562E0
7.099400360E-1,7.610313296E-1,-1.928103924E0,-9.304599762E-1,2.272115576E0
7.149754360E-1,8.244279027E-1,-1.935741425E0,-8.093299866E-1,2.254282870E0
7.200108370E-1,8.444049358E-1,-1.808670521E0,-6.427640915E-1,2.097010831E0
7.250767550E-1,8.304722905E-1,-1.709701061E0,-4.142789841E-1,1.945350616E0
7.301121550E-1,8.131918907E-1,-1.534399986E0,-2.047615051E-1,1.748597050E0
7.351475560E-1,7.642026544E-1,-1.371694565E0,1.713657379E-2,1.570301034E0
7.402134730E-1,6.956645250E-1,-1.150689125E0,1.804199219E-1,1.356681961E0
7.452488740E-1,6.099106669E-1,-9.266271591E-1,2.761592865E-1,1.143194150E0
7.502842740E-1,4.739125371E-1,-6.925454140E-1,3.072986603E-1,8.936692396E-1
7.553196750E-1,2.979648113E-1,-3.890800476E-1,2.766752243E-1,5.627748146E-1
7.603855930E-1,1.541724205E-1,-6.873703003E-2,4.008769989E-1,4.349669905E-1
7.654209930E-1,2.788722515E-2,2.874360085E-1,5.432748795E-1,6.152599052E-1
7.704563930E-1,-2.161258459E-2,5.909767151E-1,6.088657379E-1,8.487862324E-1
7.755223110E-1,-3.731191158E-3,8.969826698E-1,6.147594452E-1,1.087437818E0
7.805577120E-1,-4.870873690E-2,1.167301178E0,6.541109085E-1,1.338964399E0
7.856236300E-1,-6.057345867E-2,1.428576469E0,6.813497543E-1,1.583899416E0
7.906590300E-1,-8.704787493E-2,1.723808765E0,7.463989258E-1,1.880480085E0
7.956944310E-1,-1.803864837E-1,1.995688915E0,9.085311890E-1,2.200168732E0
8.007298310E-1,-2.573208213E-1,2.208769321E0,1.031524658E0,2.451309658E0
8.057957490E-1,-2.895754576E-1,2.339555740E0,1.011131287E0,2.565104576E0
8.108311490E-1,-2.371796072E-1,2.452413559E0,1.086407661E0,2.692743589E0
8.158970670E-1,-2.740911841E-1,2.523585796E0,1.083195686E0,2.759877560E0
8.209019500E-1,-2.006545961E-1,2.605863094E0,1.085141182E0,2.829896839E0
8.259678680E-1,-1.392477155E-1,2.603831768E0,1.156646729E0,2.852571026E0
8.310337860E-1,-9.535959363E-2,2.620346069E0,1.137868881E0,2.858330381E0
8.360691860E-1,-7.631602883E-2,2.716804981E0,1.046313286E0,2.912322945E0
8.411045870E-1,-2.178850770E-1,2.811803341E0,1.034706116E0,3.004052044E0
8.461399870E-1,-3.081097007E-1,2.846013546E0,1.062057495E0,3.053308175E0
8.512059050E-1,-4.122097492E-1,2.874384880E0,1.094923973E0,3.103363308E0
8.562413060E-1,-5.621446371E-1,2.977805138E0,1.138136864E0,3.237079788E0
8.612767060E-1,-6.847966313E-1,3.088881493E0,1.177577019E0,3.375918088E0
8.663121060E-1,-8.803281188E-1,3.147857189E0,1.215871811E0,3.487452758E0
8.713780240E-1,-1.043745279E0,3.128454208E0,1.336600304E0,3.558529235E0
8.764134250E-1,-1.018600583E0,3.088295937E0,1.396521568E0,3.539122975E0
8.814793430E-1,-1.039967299E0,3.057828903E0,1.520298958E0,3.569756085E0
8.865147430E-1,-9.598851800E-1,2.937131405E0,1.488519669E0,3.429841287E0
8.915806610E-1,-8.831343651E-1,2.785819054E0,1.385811806E0,3.234376055E0
8.966160610E-1,-7.516238689E-1,2.666147232E0,1.302895546E0,3.061178908E0
9.016514620E-1,-6.199675798E-1,2.532794476E0,1.173036575E0,2.859269568E0
9.066868620E-1,-4.828474224E-1,2.421667099E0,9.630947113E-1,2.650502706E0
9.117527800E-1,-3.419083059E-1,2.259153843E0,6.876373291E-1,2.386110323E0
9.167881810E-1,-2.028803229E-1,2.082116604E0,3.867502213E-1,2.127427017E0
9.218235810E-1,-1.297152638E-1,1.907786846E0,1.197180748E-1,1.915935572E0
9.268589810E-1,-1.573618650E-1,1.862878323E0,-1.069970131E-1,1.872572232E0
9.319248990E-1,-1.399253607E-1,1.706362724E0,-1.485271454E-1,1.718520633E0
9.369603000E-1,-1.655722260E-1,1.561153889E0,-1.614122391E-1,1.578185521E0
9.420262180E-1,-1.536329985E-1,1.424597740E0,-1.789512634E-1,1.443989395E0
9.470616180E-1,-1.607590914E-1,1.337519169E0,-1.277546883E-1,1.353189666E0
9.520970180E-1,-1.466836333E-1,1.320662022E0,-6.015014648E-2,1.330143715E0
9.571629360E-1,-4.265546799E-2,1.220988750E0,-3.080463409E-2,1.222121902E0
9.621983370E-1,3.037056923E-1,1.089104652E0,2.463054657E-2,1.130925619E0
9.672337370E-1,7.099974751E-1,9.675312042E-1,-2.447700500E-2,1.200338356E0
9.722996550E-1,1.057385564E0,8.819732666E-1,-2.963018417E-1,1.408451581E0
9.773350560E-1,1.519678116E0,6.634225845E-1,-6.472725868E-1,1.780031714E0
9.823704560E-1,1.985828757E0,4.696984291E-1,-9.699792862E-1,2.259422998E0
9.874363740E-1,2.332732201E0,2.937135696E-1,-1.324457645E0,2.698535758E0
9.924717740E-1,2.631545544E0,9.339952469E-2,-1.714093685E0,3.141953625E0
9.975376920E-1,2.809332132E0,-8.105659485E-2,-2.005612373E0,3.452737782E0
1.002573093E0,3.051501989E0,-3.624987602E-1,-2.229115486E0,3.796317373E0
1.007608493E0,3.172309399E0,-5.596742630E-1,-2.401990891E0,4.018251167E0
1.012643893E0,3.160678387E0,-7.704472542E-1,-2.446234226E0,4.070324155E0
1.017709811E0,3.143403053E0,-1.009211540E0,-2.452990055E0,4.112985643E0
1.022745212E0,3.091274738E0,-1.280355453E0,-2.422578812E0,4.130880983E0
1.027811130E0,2.973135471E0,-1.479342461E0,-2.276093006E0,4.025989073E0
1.032846530E0,2.808968544E0,-1.573021889E0,-2.073597431E0,3.829426648E0
1.037881931E0,2.702276707E0,-1.695574284E0,-1.833836079E0,3.679704650E0
1.042917331E0,2.758223534E0,-1.894842148E0,-1.570656300E0,3.696645106E0
1.047983249E0,2.962470293E0,-2.123461723E0,-1.395185947E0,3.902802039E0
1.053018649E0,3.312698364E0,-2.436134338E0,-1.209069252E0,4.286090226E0
1.058054050E0,3.731576443E0,-2.689896584E0,-1.135780334E0,4.738164555E0
1.063119968E0,4.154130459E0,-2.923550606E0,-1.098127365E0,5.197098395E0
1.068155368E0,4.555589676E0,-3.098867416E0,-1.138944626E0,5.626150675E0
1.073190768E0,4.767385960E0,-3.228118896E0,-1.293615341E0,5.901030516E0
1.078256686E0,4.907521248E0,-3.402140141E0,-1.256615162E0,6.102245816E0
1.083292087E0,4.835014820E0,-3.649145126E0,-1.250554085E0,6.185265878E0
1.088327487E0,4.641376495E0,-3.830672264E0,-1.191804886E0,6.134885871E0
1.093393405E0,4.324479580E0,-4.018813133E0,-9.754438400E-1,5.983600365E0
1.098428806E0,3.996278286E0,-4.216273308E0,-7.995619774E-1,5.864000350E0
1.103494723E0,3.650027037E0,-4.399589539E0,-6.945390701E-1,5.758599656E0
1.108530124E0,3.385782242E0,-4.616694927E0,-6.073956490E-1,5.757284335E0
1.113565524E0,3.077324152E0,-4.896431923E0,-5.281467438E-1,5.807228986E0
1.118631442E0,2.904193163E0,-5.298460960E0,-6.184978485E-1,6.073760455E0
1.123666843E0,2.709130049E0,-5.667113304E0,-6.992259026E-1,6.320164214E0
1.128702243E0,2.406909466E0,-5.907156467E0,-8.395810127E-1,6.433708649E0
1.133737643E0,2.126938581E0,-6.090420723E0,-1.099218845E0,6.544109900E0
1.138803561E0,1.884727240E0,-6.340714931E0,-1.435235023E0,6.768808033E0
1.143838962E0,1.723750830E0,-6.623495579E0,-1.741122723E0,7.062118587E0
1.148874362E0,1.470530510E0,-6.795000553E0,-2.091681480E0,7.260139387E0
1.153940280E0,1.124385715E0,-6.893195152E0,-2.468561649E0,7.407710797E0
1.158975681E0,8.057945371E-1,-6.995825291E0,-2.849336147E0,7.596683014E0
1.164011081E0,5.036644340E-1,-7.135681629E0,-3.060694695E0,7.780712190E0
1.169076999E0,2.034755945E-1,-7.195250511E0,-3.192191601E0,7.874205957E0
1.174112399E0,-2.128400803E-1,-7.130994320E0,-3.380941391E0,7.894754308E0
1.179147800E0,-5.733393431E-1,-7.066928387E0,-3.591357708E0,7.947832724E0
1.184213718E0,-1.030397892E0,-7.021477222E0,-3.890800953E0,8.093280809E0
1.189249118E0,-1.352446556E0,-7.067759514E0,-3.607252598E0,8.049509770E0
1.194315036E0,-1.772505283E0,-7.012367249E0,-3.031052113E0,7.842343165E0
1.199350436E0,-2.525760889E0,-6.868320942E0,-2.505541801E0,7.735052705E0
1.204385837E0,-3.318234921E0,-6.688679218E0,-1.891817093E0,7.702472628E0
1.209421237E0,-3.914198160E0,-6.619522095E0,-1.525717258E0,7.840078645E0
1.214487155E0,-4.444759369E0,-6.568070412E0,-1.240941048E0,8.027164472E0
1.219522556E0,-4.807851791E0,-6.556977272E0,-9.165339470E-1,8.182262784E0
1.224557956E0,-5.128146648E0,-6.522317410E0,-5.877447128E-1,8.317689360E0
1.229593356E0,-5.424920559E0,-6.469404221E0,-2.946391106E-1,8.448062869E0
1.234628757E0,-5.826914310E0,-6.286478519E0,-3.684043884E-2,8.571703435E0
1.239694675E0,-6.178443432E0,-6.042847157E0,2.092881203E-1,8.644823105E0
1.244760593E0,-6.544561386E0,-5.822787762E0,6.661200523E-1,8.785206712E0
1.249795993E0,-6.897912979E0,-5.610354900E0,1.235866547E0,8.976895438E0
1.254831393E0,-7.461653233E0,-5.313044071E0,1.868452072E0,9.348573122E0
1.259897311E0,-8.055113792E0,-5.013076305E0,2.504714966E0,9.812715695E0
1.264932712E0,-8.443475723E0,-5.010121346E0,3.029166698E0,1.027469946E1
1.269998630E0,-8.785561562E0,-5.010176659E0,3.297141552E0,1.063762683E1
1.275034030E0,-9.289193153E0,-4.759276390E0,3.465564251E0,1.099772507E1
1.280099948E0,-9.611497879E0,-4.491851807E0,3.451097965E0,1.115650937E1
1.285104831E0,-9.813127518E0,-4.143701553E0,3.290335178E0,1.114872369E1
1.290140231E0,-9.948487282E0,-3.709233284E0,3.016315937E0,1.103761625E1
1.295175632E0,-9.953067780E0,-3.247440815E0,2.750544548E0,1.082473673E1
1.300211032E0,-9.691456795E0,-2.802774429E0,2.609241009E0,1.042055747E1
1.305276950E0,-9.260507584E0,-2.421923637E0,2.429450512E0,9.875471867E0
1.310342868E0,-8.622759819E0,-2.175800323E0,1.996726513E0,9.114439682E0
1.315378268E0,-7.736376762E0,-1.974894524E0,1.545418739E0,8.132653495E0
1.320444186E0,-6.786614895E0,-1.646209717E0,1.115457535E0,7.071944123E0
1.325479587E0,-5.766890526E0,-1.170254707E0,5.891013145E-1,5.913845008E0
1.330514987E0,-4.544334888E0,-7.295732498E-1,-4.180765152E-2,4.602717087E0
1.335580905E0,-3.293677330E0,-2.391047478E-1,-6.112637520E-1,3.358440830E0
1.340616306E0,-2.251228571E0,3.207926750E-1,-8.678526878E-1,2.433948707E0
1.345682223E0,-1.367434740E0,8.961362839E-1,-9.189372063E-1,1.875468900E0
1.350717624E0,-5.404965878E-1,1.414488792E0,-6.508913040E-1,1.648203445E0
1.355753024E0,3.446447849E-1,1.889726639E0,-7.474899292E-3,1.920911937E0
1.360788425E0,1.026112556E0,2.449411869E0,7.768697739E-1,2.766957197E0
1.365854343E0,1.553182244E0,2.927375317E0,1.611608505E0,3.684994342E0
1.370889743E0,2.054438591E0,3.316419125E0,2.641098022E0,4.711130703E0
1.375925143E0,2.348707438E0,3.665607452E0,3.693702221E0,5.709338028E0
1.380991061E0,2.376511097E0,3.919427872E0,4.652967453E0,6.531448993E0
1.386026462E0,2.164106369E0,4.157253742E0,5.499323845E0,7.225557266E0
1.391061862E0,1.864316463E0,4.319126129E0,6.119005680E0,7.718338999E0
1.396127780E0,1.407523751E0,4.398623466E0,6.894011497E0,8.297976021E0
1.401163181E0,6.985023022E-1,4.713752270E0,8.345661163E0,9.610277113E0
1.406198581E0,-2.920424938E-1,5.058894157E0,9.207148552E0,1.050948540E1
1.411264499E0,-1.078812122E0,5.271310329E0,9.765480995E0,1.114967117E1
1.416299899E0,-1.601572752E0,5.433495998E0,1.006864738E1,1.155273016E1
1.421335300E0,-2.049011946E0,5.654977322E0,9.896187782E0,1.158066281E1
1.426401218E0,-2.273913145E0,5.869228840E0,9.461883545E0,1.136423198E1
1.431436618E0,-2.298819542E0,6.015182018E0,8.873515129E0,1.096386140E1
1.436472018E0,-2.029641151E0,6.101397514E0,8.190447807E0,1.041296932E1
1.441537936E0,-1.533527255E0,6.183804035E0,7.386042595E0,9.754217724E0
1.446573337E0,-8.452026844E-1,6.360900402E0,6.629483223E0,9.226346477E0
1.451639255E0,-2.044121027E-1,6.604176998E0,5.822326660E0,8.806612622E0
1.456674655E0,3.839251995E-1,6.814267159E0,5.083260536E0,8.510063052E0
1.461710056E0,8.091031313E-1,7.102252960E0,4.489998817E0,8.441370408E0
1.466745456E0,1.056426287E0,7.442829609E0,4.046004295E0,8.537089659E0
1.471811374E0,1.257045984E0,7.652819157E0,3.793141365E0,8.633291786E0
1.476846774E0,1.444619894E0,7.690381050E0,3.761090279E0,8.681859675E0
1.481882175E0,1.604966044E0,7.661030769E0,3.958287239E0,8.771279628E0
1.486948093E0,1.630268097E0,7.597890854E0,4.429327011E0,8.944532255E0
1.491983493E0,1.635085702E0,7.381258011E0,5.149373055E0,9.147268332E0
1.497018893E0,1.715625763E0,7.086754799E0,5.934471130E0,9.401245286E0
1.502084811E0,1.891124725E0,6.739386559E0,6.637355804E0,9.646251914E0
1.507120212E0,2.145735264E0,6.393215656E0,7.177644730E0,9.848653213E0
1.512155612E0,2.269441605E0,6.054074764E0,7.647416115E0,1.001424783E1
1.517221530E0,2.321372509E0,5.708906651E0,7.940539360E0,1.005149495E1
1.522256931E0,2.428804874E0,5.372175694E0,7.859909058E0,9.825351658E0
1.527292331E0,2.654203415E0,5.055600643E0,7.557718277E0,9.472222505E0
1.532358249E0,2.926509142E0,4.682713509E0,7.073331833E0,8.973532458E0
1.537393649E0,3.242197990E0,4.446415424E0,6.368360519E0,8.416559489E0
1.542429050E0,3.519701719E0,4.294393539E0,5.572145462E0,7.866315600E0
1.547494968E0,3.859210730E0,4.150973320E0,4.822953224E0,7.442107548E0
1.552530368E0,4.147553444E0,4.025646210E0,4.128722191E0,7.103124236E0
1.557565768E0,4.298264980E0,3.974261284E0,3.491096497E0,6.815980439E0
1.562631686E0,4.346700191E0,3.982722759E0,3.014665604E0,6.621487132E0
1.567667087E0,4.344323635E0,3.999776840E0,2.760084152E0,6.518391454E0
1.572702487E0,4.154731274E0,3.877120495E0,2.624312401E0,6.259462506E0
1.577768405E0,3.856912851E0,3.576285839E0,2.664848328E0,5.896355973E0
1.582803806E0,3.798633099E0,3.374959469E0,2.847665787E0,5.824874700E0
1.587839206E0,3.481017590E0,3.099468708E0,3.066468239E0,5.579195031E0
1.592905124E0,2.606270075E0,2.214272976E0,3.133822441E0,4.638587243E0
1.597940524E0,2.463035107E0,1.687871933E0,3.186302185E0,4.366689274E0
1.602975925E0,2.622507095E0,1.481585979E0,3.206942558E0,4.399672835E0
1.608041843E0,2.563408613E0,1.193150520E0,3.239924908E0,4.300207587E0
1.613077243E0,2.305919647E0,5.522947311E-1,2.895174026E0,3.742235633E0
1.618143161E0,2.257077217E0,-5.550332069E-1,2.169601440E0,3.179564410E0
1.623178561E0,2.698603630E0,-1.443068027E0,1.644372463E0,3.474027588E0
1.628213962E0,3.053770065E0,-1.697599411E0,1.357142925E0,3.748225219E0
1.633249362E0,3.244074345E0,-1.780852795E0,1.099409580E0,3.860590169E0
1.638315280E0,3.461249352E0,-2.065835476E0,4.943585396E-1,4.061072968E0
1.643350681E0,3.669993401E0,-2.471344471E0,-2.375049591E-1,4.430891971E0
1.648416598E0,3.907188892E0,-2.837229729E0,-1.026621819E0,4.936592948E0
1.653451999E0,4.131672859E0,-3.020262718E0,-1.974184990E0,5.485445641E0
1.658487399E0,4.217112541E0,-2.898242950E0,-2.873652458E0,5.868707595E0
1.663522800E0,4.211531639E0,-2.664020538E0,-3.631881714E0,6.166406487E0
1.668588718E0,4.219815254E0,-2.575008392E0,-4.164669991E0,6.463898601E0
1.673624118E0,4.446839333E0,-2.877184868E0,-4.618926525E0,7.027592408E0
1.678659518E0,4.441176414E0,-3.156703949E0,-4.990648746E0,7.388870189E0
1.683725436E0,4.190163612E0,-3.106350899E0,-5.032011509E0,7.247622150E0
1.688760837E0,4.263828278E0,-3.256730080E0,-4.525164604E0,7.018805959E0
1.693796237E0,4.369422913E0,-3.298561096E0,-3.886679649E0,6.714062897E0
1.698862155E0,4.005029678E0,-3.038171768E0,-3.295207024E0,6.010752012E0
1.703897556E0,3.754463673E0,-3.100356102E0,-2.636466980E0,5.537071750E0
1.708932956E0,3.649713993E0,-3.507425308E0,-2.139207363E0,5.495330078E0
1.713998874E0,3.539072514E0,-4.044559479E0,-1.855944633E0,5.685774012E0
1.719034274E0,3.585798025E0,-4.307778358E0,-1.489768505E0,5.799509640E0
1.724100192E0,3.498875618E0,-4.176747322E0,-1.113278389E0,5.561181309E0
1.729135593E0,3.417607307E0,-3.938390732E0,-8.317117691E-1,5.280407724E0
1.734170993E0,3.505867958E0,-4.087603569E0,-5.337147713E-1,5.411512222E0
1.739206393E0,3.508252859E0,-4.633172035E0,-3.640413284E-1,5.822941466E0
1.744272311E0,3.487776756E0,-4.483675957E0,-3.830595016E-1,5.693388391E0
1.749307712E0,3.702061653E0,-3.764710426E0,-5.269799232E-1,5.306223979E0
1.754343112E0,4.014967918E0,-3.294048309E0,-1.104715347E0,5.309530831E0
1.759409030E0,4.470961094E0,-3.129975319E0,-1.819317818E0,5.752925858E0
1.764444431E0,4.977367401E0,-3.165535927E0,-2.340856075E0,6.346212344E0
1.769510348E0,5.249526978E0,-2.997397423E0,-2.754642010E0,6.643039771E0
1.774545749E0,5.248770237E0,-2.603948593E0,-3.043489456E0,6.602496902E0
1.779581149E0,5.216166973E0,-2.415396690E0,-2.944758892E0,6.458648775E0
1.784616550E0,5.253283501E0,-2.474201202E0,-2.563467503E0,6.347442380E0
1.789682468E0,5.229223251E0,-2.761415482E0,-2.147673607E0,6.291477823E0
1.794717868E0,5.076424599E0,-3.071139336E0,-1.596783638E0,6.144241329E0
1.799753268E0,4.901212215E0,-3.246212959E0,-8.996133804E-1,5.947191269E0
1.804819186E0,4.816191673E0,-3.485547066E0,-2.523436546E-1,5.950497282E0
1.809854587E0,4.858268261E0,-3.791027069E0,1.558222771E-1,6.164327807E0
1.814889987E0,4.810597420E0,-4.048168182E0,3.944625854E-1,6.299612202E0
1.819955905E0,4.657652378E0,-4.286005020E0,5.971970558E-1,6.357688969E0
1.824991306E0,4.417959213E0,-4.494529724E0,8.939476013E-1,6.365398916E0
1.830026706E0,4.093000412E0,-4.774580002E0,1.145640135E0,6.392320227E0
1.835092624E0,3.691732407E0,-5.016523361E0,1.287193298E0,6.360130611E0
1.840128024E0,3.297080994E0,-5.279632568E0,1.407730103E0,6.381768342E0
1.845163425E0,2.977454185E0,-5.618921280E0,1.388692617E0,6.508915191E0
1.850229343E0,2.677224159E0,-5.972032547E0,1.168571234E0,6.648177244E0
1.855264743E0,2.425411224E0,-6.290332794E0,9.899458885E-1,6.814022243E0
1.860300143E0,2.353240967E0,-6.635850906E0,8.928115368E-1,7.097138349E0
1.865366061E0,2.376396894E0,-6.879280090E0,7.423009872E-1,7.315925609E0
1.870401462E0,2.557794809E0,-7.060702324E0,6.701436043E-1,7.539557284E0
1.875467380E0,2.721709251E0,-7.292754173E0,9.673626423E-1,7.843962976E0
1.880502780E0,2.535728931E0,-7.331449509E0,1.405015469E0,7.883789798E0
1.885538181E0,2.367633104E0,-7.442977905E0,1.609046698E0,7.974499225E0
1.890573581E0,2.386951923E0,-7.854422569E0,1.645222664E0,8.372350387E0
1.895639499E0,2.407510042E0,-8.169089317E0,1.853979588E0,8.715925951E0
1.900674899E0,2.333893538E0,-8.331970215E0,2.377223015E0,8.973292371E0
1.905710300E0,2.190442801E0,-8.331725121E0,2.718344688E0,9.033553066E0
1.910776218E0,2.064921856E0,-8.410278320E0,2.681054354E0,9.065579747E0
1.915811618E0,1.960548401E0,-8.655538559E0,2.442745209E0,9.204841223E0
1.920847018E0,1.914380193E0,-9.138651848E0,2.324586153E0,9.622032524E0
1.925882419E0,1.765591741E0,-9.170942307E0,1.986922503E0,9.548369390E0
1.930948337E0,1.285301566E0,-8.874849319E0,1.118789434E0,9.036959686E0
1.935983737E0,8.572381735E-1,-8.744183540E0,3.853271008E-1,8.794548314E0
1.941049655E0,4.058591127E-1,-8.849967003E0,1.006960869E-2,8.859274178E0
1.946085056E0,-9.450331330E-2,-9.243717194E0,-3.130047321E-1,9.249497845E0
1.951150973E0,-3.115011454E-1,-9.585694313E0,-6.361266375E-1,9.611827377E0
1.956186374E0,-3.243174255E-1,-9.596264839E0,-1.040971398E0,9.658007150E0
1.961221774E0,-3.729304671E-1,-9.443392754E0,-1.349787951E0,9.546657601E0
1.966257175E0,-4.508147836E-1,-9.507225990E0,-1.378142118E0,9.617164639E0
1.971323093E0,-4.880092144E-1,-9.749315262E0,-1.161774635E0,9.830413082E0
1.976358493E0,-4.902365804E-1,-1.014340496E1,-7.117598057E-1,1.018015708E1
1.981393893E0,-6.782164574E-1,-1.035518932E1,-1.188249588E-1,1.037805583E1
1.986459811E0,-1.003634095E0,-1.024897671E1,-2.249265909E-1,1.030045615E1
1.991495212E0,-1.360789061E0,-9.865977287E0,-7.746543884E-1,9.989461653E0
1.996530612E0,-1.740541577E0,-9.548369408E0,-8.901966810E-1,9.746450300E0
2.001596530E0,-2.210268021E0,-9.362929344E0,-5.768139362E-1,9.637553888E0
2.006631931E0,-2.643031120E0,-9.305021286E0,-4.839694500E-2,9.673229910E0
2.011697848E0,-2.826148510E0,-9.386651993E0,6.562532187E-1,9.824816503E0
2.016733249E0,-2.940865993E0,-9.383726120E0,1.370285749E0,9.928780979E0
2.021768649E0,-3.030268192E0,-9.268304825E0,1.941962838E0,9.942596206E0
2.026834567E0,-3.099509716E0,-9.045905113E0,2.407354832E0,9.860563730E0
2.031869968E0,-3.300638676E0,-8.660135269E0,2.627480984E0,9.633058438E0
2.036905368E0,-3.411723614E0,-8.410288811E0,2.878473282E0,9.521471752E0
2.041940768E0,-3.502945662E0,-8.217583656E0,3.088826656E0,9.451992360E0
2.047006686E0,-3.610191584E0,-7.993655205E0,3.138905525E0,9.315832475E0
2.052042087E0,-3.824761629E0,-7.731725693E0,3.103589058E0,9.167368693E0
2.057077487E0,-4.155342102E0,-7.451103210E0,2.976758480E0,9.035867312E0
2.062143405E0,-4.479411125E0,-7.321465492E0,2.749684572E0,9.012754642E0
2.067178806E0,-4.715137959E0,-7.299414635E0,2.561425447E0,9.059518768E0
2.072214206E0,-5.012606144E0,-7.203068733E0,2.340071201E0,9.082199775E0
2.077280124E0,-5.677248001E0,-6.786497116E0,1.874954581E0,9.044508978E0
2.082315524E0,-6.330711365E0,-6.549647331E0,1.431709409E0,9.220931535E0
2.087350925E0,-7.006771088E0,-6.308211327E0,8.764770031E-1,9.468716025E0
2.092416843E0,-7.761738777E0,-5.864203453E0,5.792148113E-1,9.745201936E0
2.097452243E0,-8.271888733E0,-5.411626816E0,3.683090210E-1,9.891688407E0
2.102518161E0,-8.697370529E0,-5.031902313E0,2.737178802E-1,1.005182653E1
2.107553561E0,-9.027091026E0,-4.865574837E0,3.440961838E-1,1.026063317E1
2.112588962E0,-9.153077126E0,-4.871603966E0,7.553513050E-1,1.039624459E1
2.117624362E0,-9.083790779E0,-4.839252472E0,1.440027237E0,1.039265596E1
2.122659763E0,-8.873376846E0,-4.670495033E0,2.063350677E0,1.023756595E1
2.127725681E0,-8.471440315E0,-4.501707077E0,2.533331394E0,9.922118502E0
2.132761081E0,-7.998156071E0,-4.298679352E0,2.754696131E0,9.488808960E0
2.137826999E0,-7.495311737E0,-4.333436012E0,2.837341070E0,9.110920374E0
2.142862399E0,-6.928854465E0,-4.602053642E0,2.912797928E0,8.813189757E0
2.147897800E0,-6.417390347E0,-4.795239449E0,2.748900414E0,8.469573408E0
2.152963718E0,-6.213982582E0,-4.757274628E0,2.383155107E0,8.180749946E0
2.157999118E0,-6.173420906E0,-4.413599968E0,1.778187633E0,7.794417337E0
2.163034518E0,-6.287838936E0,-3.983922958E0,9.389424324E-1,7.502677756E0
2.168100436E0,-6.313797951E0,-3.813951492E0,2.206600904E-1,7.379631524E0
2.173135837E0,-6.140426636E0,-3.725200653E0,-1.381801367E-1,7.183387288E0
2.178201755E0,-6.006649494E0,-3.573465347E0,-1.420286894E-1,6.990684150E0
2.183237155E0,-6.037955761E0,-3.391610146E0,-5.374705791E-2,6.925519323E0
2.188272556E0,-6.047336102E0,-3.334324837E0,-1.223675013E-1,6.906733660E0
2.193338473E0,-6.051144600E0,-3.374161720E0,-2.049738765E-1,6.931329784E0
2.198343356E0,-6.233298779E0,-3.431679726E0,5.691766739E-2,7.115734609E0
2.203409274E0,-6.617743969E0,-3.333220482E0,6.102901101E-1,7.434873774E0
2.208444675E0,-6.739641190E0,-3.269716263E0,9.835169315E-1,7.555204389E0
2.213510593E0,-6.434821606E0,-3.346675873E0,1.152220249E0,7.344030229E0
2.218545993E0,-5.678982735E0,-3.524975777E0,1.147984266E0,6.781899955E0
2.223581393E0,-4.285199642E0,-3.568691254E0,1.047755957E0,5.674177102E0
2.228647311E0,-2.546785116E0,-3.366365433E0,1.145533562E0,4.373874460E0
2.233682712E0,-3.768277168E-1,-3.126910210E0,1.641454697E0,3.551610917E0
2.238718112E0,2.414855480E0,-2.995905876E0,2.151331425E0,4.408537842E0
2.243784030E0,5.357750893E0,-2.529401779E0,2.305633545E0,6.357618582E0
2.248819431E0,8.141981125E0,-1.665888786E0,2.312973976E0,8.626522515E0
2.253885348E0,1.000553131E1,-7.089061737E-1,2.561723232E0,1.035256638E1
2.258920749E0,1.108255100E1,4.812264442E-1,2.963740349E0,1.148208485E1
2.263956149E0,1.217863083E1,1.791243076E0,3.239299536E0,1.272873372E1
2.268991550E0,1.287761688E1,3.520681858E0,3.768522501E0,1.387191332E1
2.274057468E0,1.290693283E1,5.163170338E0,3.790800333E0,1.440893508E1
2.279092868E0,1.283003044E1,6.105458260E0,3.965868235E0,1.475175964E1
2.284128268E0,1.239744759E1,6.656646729E0,4.352759838E0,1.472936423E1
2.289194186E0,1.133012962E1,7.136702061E0,4.492398739E0,1.412395129E1
2.294229587E0,1.004648018E1,7.256971836E0,4.280111313E0,1.311162679E1
2.299295505E0,9.028820992E0,7.117404938E0,3.928942204E0,1.214963573E1
2.304330905E0,8.842248917E0,6.926907539E0,3.817142248E0,1.186330430E1
2.309366306E0,9.422954559E0,6.781375408E0,3.843166828E0,1.222902516E1
2.314401706E0,9.685127258E0,7.207347393E0,4.434703350E0,1.286134286E1
2.319437106E0,9.757846832E0,7.735808372E0,5.540478230E0,1.362920412E1
2.324472507E0,9.399492264E0,8.205900192E0,6.232218742E0,1.394732244E1
2.329538425E0,9.093799591E0,8.906456947E0,6.397156239E0,1.424590377E1
2.334573825E0,8.414920807E0,9.535392761E0,6.025559425E0,1.407273867E1
2.339609225E0,8.043470383E0,1.030131149E1,6.011919022E0,1.438602115E1
2.344675143E0,8.360315323E0,1.063535881E1,6.459199905E0,1.499089700E1
2.349710544E0,8.629791260E0,1.094708538E1,6.860173702E0,1.553621443E1
2.354745944E0,8.797206879E0,1.123136330E1,6.918872356E0,1.585576126E1
2.359781345E0,8.632892609E0,1.135336304E1,6.689686775E0,1.575365342E1
2.364847263E0,8.915235519E0,1.155816078E1,7.159887314E0,1.625842832E1
2.369913181E0,1.026158905E1,1.180953217E1,8.688978195E0,1.789591020E1
2.374979098E0,1.162171364E1,1.215590572E1,1.028804684E1,1.971482132E1
2.380014499E0,1.283753586E1,1.213858986E1,1.142170715E1,2.103813407E1
2.385049899E0,1.434526062E1,1.162728596E1,1.323515320E1,2.271892518E1
2.390085300E0,1.480398369E1,1.159947300E1,1.497055435E1,2.403795342E1
2.395151218E0,1.566098785E1,1.208757973E1,1.543490601E1,2.509207938E1
2.400186618E0,1.669977760E1,1.214978409E1,1.405916214E1,2.498319166E1
2.405252536E0,1.714095116E1,1.186787605E1,1.165112877E1,2.388320519E1
2.410257419E0,1.737601471E1,1.169842911E1,9.019961357E0,2.280655243E1
2.415292819E0,1.754721451E1,1.159134102E1,6.602272034E0,2.204209427E1
2.420358737E0,1.747881889E1,1.159946632E1,4.536007404E0,2.146234125E1
2.425424655E0,1.788850594E1,1.137613106E1,3.019834518E0,2.141341642E1
2.430460056E0,1.779581833E1,1.097884178E1,1.932510376E0,2.099906458E1
2.435495456E0,1.693659401E1,1.031287956E1,1.020620823E0,1.985561302E1
2.440561374E0,1.601318359E1,9.866778374E0,1.452522278E-1,1.880947800E1
2.445596774E0,1.525493050E1,9.364475250E0,-6.365623474E-1,1.791121193E1
2.450632175E0,1.426042557E1,8.808961868E0,-1.279757500E0,1.681057185E1
2.455698093E0,1.317380714E1,8.360380173E0,-1.715375900E0,1.569674061E1
2.460733493E0,9.582067490E0,7.533826828E0,-2.117274761E0,1.237163758E1
2.465768893E0,1.014775085E1,6.430284023E0,-3.139143944E0,1.241690882E1
2.470834811E0,1.049464893E1,7.139933586E0,-6.313776016E0,1.417674418E1
2.475870212E0,9.181338310E0,6.943438530E0,-3.499511719E0,1.203141280E1
2.480936130E0,8.882537842E0,4.549260616E0,-5.619659424E-1,9.995551830E0
2.485971530E0,8.281343460E0,5.006122589E0,2.834043503E-1,9.681024270E0
2.491006931E0,6.886894703E0,4.945164680E0,1.078022957E0,8.546701461E0
2.496042331E0,4.670050621E0,3.809699059E0,1.463017464E0,6.201902919E0
2.501108249E0,4.548102856E0,3.228096008E0,1.116832733E0,5.687983718E0
2.506143649E0,5.487555027E0,3.601456642E0,1.622446060E0,6.761366825E0
2.511179050E0,7.019723892E0,3.935859680E0,1.919301033E0,8.273525935E0
2.516244968E0,8.034215927E0,4.257915974E0,2.456949711E0,9.418868079E0
2.521280368E0,8.214426041E0,4.075549603E0,2.541436672E0,9.515555690E0
2.526315768E0,8.307241440E0,3.784749508E0,2.947617531E0,9.592863925E0
2.531381686E0,8.178649902E0,3.400158405E0,3.385831356E0,9.482364968E0
2.536417087E0,7.986668110E0,2.477741241E0,3.238640785E0,8.967433484E0
2.541452487E0,7.826075554E0,1.348297596E0,2.202168941E0,8.241050481E0
2.546518405E0,7.520636559E0,3.391156197E-1,4.138703346E-1,7.539646033E0
2.551553806E0,7.125419140E0,-5.395112038E-1,-1.439740658E0,7.289411733E0
2.556619723E0,6.663906097E0,-1.199450493E0,-2.845023155E0,7.344418473E0
2.561655124E0,6.210939884E0,-1.835202217E0,-3.548686028E0,7.384911235E0
2.566690524E0,5.727078915E0,-2.492048264E0,-3.579609394E0,7.198843022E0
2.571725925E0,5.083008289E0,-3.064725876E0,-3.323810101E0,6.802737063E0
2.576791843E0,4.525971889E0,-3.682917595E0,-3.023428917E0,6.571866247E0
2.581827243E0,4.125302315E0,-4.340327263E0,-2.757599354E0,6.592489221E0
2.586862643E0,3.733066559E0,-5.020787239E0,-2.592270851E0,6.772293452E0
2.591928561E0,3.418864250E0,-5.657716751E0,-2.526141167E0,7.076706917E0
2.596963962E0,3.313542366E0,-6.445717812E0,-2.538678169E0,7.679305175E0
2.601999362E0,3.395824432E0,-7.220198631E0,-2.613771915E0,8.396111926E0
2.607065280E0,3.625479221E0,-7.862060547E0,-2.651760101E0,9.054718508E0
2.612100681E0,3.803256035E0,-8.293859482E0,-2.555047035E0,9.475290334E0
2.617166598E0,3.945152760E0,-8.780014992E0,-2.282908916E0,9.892652156E0
2.622201999E0,4.060709000E0,-9.425139427E0,-1.813150644E0,1.042161821E1
2.627237399E0,4.056727886E0,-9.941200256E0,-1.174375772E0,1.080109541E1
2.632303317E0,4.014843464E0,-1.048755360E1,-3.879022598E-1,1.123646816E1
2.637338718E0,3.878294468E0,-1.103799629E1,4.430189133E-1,1.170789460E1
2.642374118E0,3.730874538E0,-1.145283413E1,1.118288994E0,1.209699982E1
2.647440036E0,3.508603573E0,-1.176678371E1,1.384696960E0,1.235657249E1
2.652475436E0,3.310299873E0,-1.223018265E1,1.680207253E0,1.278117949E1
2.657510837E0,3.265419006E0,-1.272124195E1,1.971907854E0,1.328086513E1
2.662546237E0,3.213833094E0,-1.326176357E1,2.203362465E0,1.382236964E1
2.667612155E0,3.165843725E0,-1.392159843E1,2.356868029E0,1.447025557E1
2.672647556E0,3.063128710E0,-1.442511845E1,2.327234983E0,1.492926061E1
2.677713473E0,2.893400192E0,-1.484749985E1,2.158635378E0,1.528004329E1
2.682748874E0,2.964263439E0,-1.551766491E1,1.813963890E0,1.590205166E1
2.687784274E0,2.884597301E0,-1.598356342E1,1.455734253E0,1.630688086E1
2.692819675E0,2.840649605E0,-1.632605934E1,1.044333458E0,1.660422043E1
2.697885593E0,2.782876492E0,-1.656163597E1,5.160384178E-1,1.680174048E1
2.702920993E0,2.574111223E0,-1.680831337E1,-4.009675980E-2,1.700432459E1
2.707986911E0,2.278970480E0,-1.690116501E1,-5.426344872E-1,1.706275292E1
2.713022311E0,1.982834578E0,-1.688690186E1,-8.454194069E-1,1.702391909E1
2.718057712E0,1.734383583E0,-1.691626358E1,-7.782173157E-1,1.702274015E1
2.723093112E0,1.585721254E0,-1.691968346E1,-4.716665745E-1,1.700037263E1
2.728159030E0,1.474705577E0,-1.692150116E1,2.001523972E-2,1.698565155E1
2.733194431E0,1.401295304E0,-1.693120956E1,6.762390137E-1,1.700255231E1
2.738229831E0,1.308156133E0,-1.677758026E1,1.296803236E0,1.687839360E1
2.743295749E0,1.171062350E0,-1.649508095E1,1.861073017E0,1.664099382E1
2.748331149E0,1.060658455E0,-1.612691307E1,2.148886681E0,1.630398833E1
2.753366550E0,1.128925204E0,-1.588625336E1,2.018725872E0,1.605374635E1
2.758432468E0,1.207782984E0,-1.565582848E1,1.849107027E0,1.581084760E1
2.763467868E0,1.320775747E0,-1.545448303E1,1.591528893E0,1.559225637E1
2.768533786E0,1.480690718E0,-1.525379086E1,1.282043934E0,1.537901873E1
2.773569186E0,1.800431013E0,-1.505832100E1,8.882608414E-1,1.519156313E1
2.778604587E0,2.244322538E0,-1.484414482E1,4.089922905E-1,1.501841849E1
2.783670505E0,2.499904871E0,-1.446073818E1,1.513185501E-1,1.467601344E1
2.788705905E0,2.403738976E0,-1.404942417E1,3.268404007E-1,1.425731760E1
2.793741306E0,2.220318079E0,-1.374452496E1,7.539107800E-1,1.394310439E1
2.798807223E0,1.783689022E0,-1.345310783E1,1.122809887E0,1.361720819E1
2.803842624E0,1.136899471E0,-1.302738571E1,1.473143935E0,1.315961519E1
2.808878024E0,2.406705618E-1,-1.250383759E1,1.679546118E0,1.261842906E1
2.813913425E0,-7.966004610E-1,-1.195681953E1,1.512918234E0,1.207845302E1
2.818979343E0,-1.763405442E0,-1.154159069E1,1.087780714E0,1.172608977E1
2.824014743E0,-2.667085171E0,-1.110235596E1,5.083043575E-1,1.142952424E1
2.829080661E0,-3.394157410E0,-1.069864750E1,2.916193008E-2,1.122417985E1
2.834116061E0,-3.973914146E0,-1.034445667E1,-6.836354733E-1,1.110257335E1
2.839151462E0,-4.448784351E0,-9.991580009E0,-1.401886821E0,1.102672390E1
2.844217380E0,-4.959285259E0,-9.610980988E0,-1.964704037E0,1.099206658E1
2.849252780E0,-5.444008827E0,-9.305146217E0,-2.161272526E0,1.099518427E1
2.854288181E0,-5.893886566E0,-8.958965302E0,-2.005261898E0,1.090972197E1
2.859354098E0,-6.290839672E0,-8.524642944E0,-1.609882116E0,1.071615237E1
2.864389499E0,-6.627686501E0,-8.050427437E0,-9.097862244E-1,1.046724994E1
2.869424899E0,-6.862853050E0,-7.648975372E0,-2.436115742E-1,1.027934447E1
2.874490817E0,-7.076542854E0,-7.160259247E0,2.606079578E-1,1.007048597E1
2.879526218E0,-7.520623684E0,-6.450998306E0,4.710807800E-1,9.919530072E0
2.884561618E0,-8.033905029E0,-5.788991928E0,2.206122875E-1,9.904783054E0
2.889627536E0,-8.566873550E0,-5.130408287E0,-1.739780903E-1,9.987125712E0
2.894662936E0,-9.339912415E0,-4.474724770E0,-1.535279751E-1,1.035763952E1
2.899698337E0,-1.036592674E1,-3.749420166E0,5.928113461E-1,1.103911292E1
2.904764255E0,-1.156141949E1,-2.908792496E0,2.063622475E0,1.209900955E1
2.909799655E0,-1.279326439E1,-2.166664124E0,3.683318615E0,1.348810154E1
2.914835056E0,-1.372969055E1,-1.626269341E0,5.124496460E0,1.474481667E1
2.919900973E0,-1.453303242E1,-1.134918213E0,6.330423355E0,1.589249290E1
2.924905856E0,-1.509457874E1,-6.346435547E-1,7.206663132E0,1.673872974E1
2.929971774E0,-1.541460323E1,-8.484172821E-2,7.849024773E0,1.729810339E1
2.935037692E0,-1.533846569E1,3.623418808E-1,8.060335159E0,1.733115184E1
2.940073093E0,-1.477245712E1,8.594408035E-1,7.413944244E0,1.655085186E1
2.945108493E0,-1.373444271E1,1.301910400E0,6.152627468E0,1.510578406E1
2.950174411E0,-1.232841015E1,1.786849976E0,4.864177227E0,1.337321015E1
2.955209811E0,-1.078630352E1,2.458317757E0,3.857874870E0,1.171626512E1
2.960245212E0,-9.202134132E0,2.863117218E0,3.035054207E0,1.010387385E1
2.965311130E0,-7.703650951E0,3.425572395E0,2.372450829E0,8.758384962E0
2.970346530E0,-6.155947685E0,4.033086777E0,1.741398335E0,7.562668115E0
2.975381931E0,-4.545809746E0,4.581148148E0,1.267868996E0,6.577141962E0
2.980447848E0,-2.933773041E0,4.884040833E0,7.552919388E-1,5.747290233E0
2.985483249E0,-1.803190708E0,5.488938332E0,3.656558990E-1,5.789097078E0
2.990518649E0,3.227370083E-1,6.042006493E0,3.138046265E-1,6.058751932E0
2.995584567E0,1.930565357E0,6.481344223E0,6.639432907E-2,6.763084632E0
3.000619968E0,3.303825617E0,6.346503258E0,2.146592140E-1,7.158173362E0
3.005655368E0,4.870958328E0,6.441320419E0,3.899965286E-1,8.085106126E0
3.010721286E0,6.019728661E0,6.846371651E0,6.357712746E-1,9.138607281E0
3.015756686E0,6.769434452E0,7.215117455E0,1.004594803E0,9.944464460E0
3.020761569E0,7.151981831E0,7.377104759E0,1.716882229E0,1.041730307E1
3.025796970E0,7.254135609E0,7.533372879E0,2.432333946E0,1.073733853E1
3.030862888E0,7.110563278E0,7.616014481E0,3.266727924E0,1.091949166E1
3.035928806E0,6.509656429E0,7.540380001E0,3.970090389E0,1.072355235E1
3.040994723E0,5.543283463E0,7.346960068E0,4.418595791E0,1.020929981E1
3.046030124E0,4.367345333E0,6.978284836E0,4.729963779E0,9.494352103E0
3.051065524E0,3.129372358E0,6.466550350E0,5.266630173E0,8.907672994E0
3.056131442E0,1.569049358E0,6.046091557E0,5.968595028E0,8.639517672E0
3.061166843E0,3.995057940E-2,5.653126240E0,6.844256401E0,8.877121043E0
3.066202243E0,-1.224619508E0,5.275029659E0,7.692730904E0,9.407642617E0
3.071268161E0,-2.259160280E0,4.896290302E0,8.344945908E0,9.935571755E0
3.076303561E0,-3.088999987E0,4.553091526E0,8.812005997E0,1.038864828E1
3.081338962E0,-3.772797823E0,4.268074036E0,9.003847122E0,1.065456345E1
3.086404880E0,-4.280189514E0,4.097613811E0,8.892344475E0,1.068570313E1
3.091440280E0,-4.551194668E0,3.952401161E0,8.439920425E0,1.037145624E1
3.096475681E0,-4.540713310E0,3.763392925E0,7.684858322E0,9.687014561E0
3.101541598E0,-4.240902901E0,3.562405109E0,6.572185040E0,8.594742798E0
3.106576999E0,-3.558003187E0,3.259971619E0,5.354998112E0,7.208523178E0
3.111612399E0,-2.469580173E0,2.858050823E0,3.798058510E0,5.356540785E0
3.116647800E0,-1.200962067E0,2.627007961E0,1.935790062E0,3.477177574E0
3.121683200E0,1.955373287E-1,2.566941738E0,1.390795708E-1,2.578132631E0
3.126749118E0,1.611391425E0,2.548614025E0,-1.336609840E0,3.298263428E0
3.131815036E0,2.925810814E0,2.619979858E0,-2.437417507E0,4.622301102E0
3.136850436E0,3.899817228E0,2.724968433E0,-2.934054852E0,5.589517443E0
3.141885837E0,4.431439877E0,2.755913258E0,-2.975925446E0,6.007399564E0
3.146951755E0,4.487349987E0,2.621538639E0,-2.831171513E0,5.918133733E0
3.151987155E0,4.096405506E0,2.426801682E0,-2.602556229E0,5.426159175E0
3.157022556E0,3.420023680E0,2.142580032E0,-2.418809414E0,4.705087687E0
3.162088473E0,2.545830250E0,1.926434040E0,-2.284405231E0,3.925672813E0
3.167123874E0,1.710625648E0,1.632215023E0,-2.003046989E0,3.098800289E0
3.172159274E0,9.588869810E-1,1.226707458E0,-1.725750446E0,2.324325716E0
3.177225192E0,2.533169985E-1,9.399423599E-1,-1.644286633E0,1.910847893E0
3.182260593E0,-3.037784100E-1,6.788630486E-1,-1.385880947E0,1.572832591E0
3.187295993E0,-7.470472455E-1,4.909906387E-1,-9.552931786E-1,1.308333463E0
3.192361911E0,-1.025996447E0,3.327722549E-1,-4.382872581E-1,1.164260195E0
3.197397311E0,-1.283377767E0,2.912507057E-1,1.930074692E-1,1.330089226E0
3.202432712E0,-1.476889729E0,5.384588242E-2,6.918768883E-1,1.631807673E0
3.207498630E0,-1.324195504E0,-1.959939003E-1,8.230357170E-1,1.571399101E0
3.212534030E0,-1.099652886E0,-4.462242126E-3,8.362240791E-1,1.381494514E0
3.217569431E0,-8.005207181E-1,2.286138535E-1,5.140600204E-1,9.784454092E-1
3.222635348E0,-4.647631049E-1,1.881656647E-1,-2.606692314E-1,5.651190222E-1
3.227670749E0,-1.819746047E-1,7.421636581E-2,-8.887538910E-1,9.102232168E-1
3.232706149E0,3.707457185E-1,5.270528793E-2,-1.106219769E0,1.167883732E0
3.237741550E0,9.614009857E-1,8.996200562E-2,-9.353156090E-1,1.344321504E0
3.242807468E0,1.134716511E0,2.428526878E-1,-5.675115585E-1,1.291753985E0
3.247842868E0,1.181173682E0,4.626412392E-1,-2.126588821E-1,1.286247248E0
3.252908786E0,1.228278279E0,6.338686943E-1,8.209943771E-2,1.384628965E0
3.257944186E0,1.212656975E0,7.606148720E-1,2.841925621E-1,1.459396223E0
3.262979587E0,1.057814837E0,9.431734085E-1,2.529253960E-1,1.439624799E0
3.268045505E0,6.970173120E-1,1.301483154E0,-5.253839493E-2,1.477312363E0
3.273080905E0,1.566118002E-1,1.704566479E0,-6.015095711E-1,1.814356057E0
3.278116306E0,-4.386737645E-1,1.974629879E0,-1.110867977E0,2.307731677E0
3.283182223E0,-9.812487960E-1,2.149216652E0,-1.453118801E0,2.773722349E0
3.288217624E0,-1.575261354E0,2.262288094E0,-1.396773815E0,3.090367752E0
3.293253024E0,-2.191035748E0,2.421416283E0,-1.090280533E0,3.442761406E0
3.298318942E0,-2.541033745E0,2.556733131E0,-6.049923897E-1,3.655099532E0
3.303354343E0,-2.602308512E0,2.648018837E0,-1.237864494E-1,3.714745810E0
3.308389743E0,-2.270236254E0,2.780781269E0,-4.997873306E-2,3.590155287E0
3.313455661E0,-1.139682770E0,3.173777103E0,-1.634742737E0,3.747548763E0
3.318491061E0,-1.348437428E0,3.122840881E0,-1.590561390E0,3.755037177E0
3.323526462E0,-5.563790798E-1,1.850530148E0,9.134416580E-1,2.137380446E0
3.328592380E0,3.467140496E-1,1.489406586E0,2.100770473E0,2.598418594E0
3.333627780E0,4.892269671E-1,1.785397053E0,2.335798264E0,2.980426008E0
3.338663181E0,1.325022578E0,1.589681625E0,3.157313824E0,3.775103056E0
3.343729098E0,2.692520618E0,1.547178268E0,4.228747845E0,5.246497518E0
3.348764499E0,1.723945379E0,1.496705055E0,4.121053219E0,4.711177488E0
3.353799899E0,2.039321899E0,9.606881142E-1,4.410974979E0,4.953630561E0
3.358865817E0,2.487328053E0,1.014804363E0,4.659107685E0,5.378095681E0
3.363901218E0,2.165931225E0,1.086456299E0,4.235145569E0,4.879354809E0
3.368936618E0,2.116687536E0,6.338052750E-1,3.636787415E0,4.255384583E0
3.374002536E0,2.113472223E0,3.852415085E-1,2.725179672E0,3.470126814E0
3.379037936E0,1.939039111E0,3.975214958E-1,1.618449211E0,2.556809313E0
3.384073337E0,1.487373590E0,2.394108772E-1,5.016107559E-1,1.587832207E0
3.389139255E0,1.044800282E0,-1.471443176E-1,-4.379429817E-1,1.142389222E0
3.394174655E0,8.174510002E-1,-3.393273354E-1,-1.149855137E0,1.451046524E0
3.399210056E0,6.293636560E-1,-3.032078743E-1,-1.793268681E0,1.924537915E0
3.404275973E0,5.694334507E-1,-3.680839539E-1,-2.391065121E0,2.485343570E0
3.409311374E0,5.462602973E-1,-4.747157097E-1,-2.902677059E0,2.991536299E0
3.414346774E0,5.365645885E-1,-6.582670212E-1,-3.052131176E0,3.168078557E0
3.419412692E0,5.433831811E-1,-8.350477219E-1,-2.778128624E0,2.951367248E0
3.424417575E0,7.952105403E-1,-8.376479149E-1,-2.402218342E0,2.665458083E0
3.429452975E0,1.090578318E0,-8.374843597E-1,-1.935015202E0,2.373820749E0
3.434518893E0,1.563717246E0,-9.020233154E-1,-1.460000038E0,2.321735945E0
3.439554294E0,2.039668798E0,-8.088688850E-1,-1.082476139E0,2.446685977E0
3.444589694E0,2.232889652E0,-7.427935600E-1,-9.093079567E-1,2.522772172E0
3.449625095E0,2.307069540E0,-7.564997673E-1,-8.490395546E-1,2.572106126E0
3.454691013E0,2.317754984E0,-8.284649849E-1,-7.935199738E-1,2.586119940E0
3.459756931E0,2.282639503E0,-8.967823982E-1,-5.939588547E-1,2.523380450E0
3.464792331E0,2.150539875E0,-1.031398296E0,-3.380751610E-1,2.408920716E0
3.469827731E0,1.856669903E0,-1.168530941E0,-1.043367386E-2,2.193808686E0
3.474863132E0,1.366332293E0,-1.232130051E0,1.554341316E-1,1.846393285E0
3.479929050E0,8.337021470E-1,-1.279711246E0,9.308052063E-2,1.530158203E0
3.484964450E0,3.467270732E-1,-1.318133354E0,-1.807780266E-1,1.374909414E0
3.490030368E0,-5.610769987E-2,-1.457220078E0,-5.130624771E-1,1.545920934E0
3.495096286E0,-4.006115794E-1,-1.531140327E0,-8.378219604E-1,1.790761284E0
3.500131686E0,-6.216667295E-1,-1.544130325E0,-1.081883430E0,1.985265660E0
3.505167087E0,-7.669960856E-1,-1.529765129E0,-1.168928623E0,2.072404032E0
3.510233005E0,-9.199540019E-1,-1.526386261E0,-1.216336727E0,2.157694468E0
3.515268405E0,-1.089524388E0,-1.493312836E0,-1.202767372E0,2.205378872E0
3.520303806E0,-1.206461906E0,-1.423568726E0,-1.089873791E0,2.161000492E0
3.525369723E0,-1.273283243E0,-1.382044792E0,-9.180254936E-1,2.091427463E0
3.530405124E0,-1.340271950E0,-1.347255707E0,-8.043584824E-1,2.063593809E0
3.535440524E0,-1.364854813E0,-1.319494247E0,-7.483201027E-1,2.040557940E0
3.540506442E0,-1.342719555E0,-1.296558380E0,-6.346635818E-1,1.971486063E0
3.545541843E0,-1.275984764E0,-1.299864769E0,-4.564990997E-1,1.877811749E0
3.550577243E0,-1.150363803E0,-1.279327393E0,-3.212881088E-1,1.750211846E0
3.555643161E0,-9.202233553E-1,-1.271056175E0,-2.980294228E-1,1.597252754E0
3.560678561E0,-5.892870426E-1,-1.186360359E0,-4.348807335E-1,1.394213532E0
3.565713962E0,-1.420849562E-1,-1.070578575E0,-6.508812904E-1,1.260941345E0
3.570779880E0,4.650951624E-1,-9.352788925E-1,-1.004128456E0,1.448907890E0
3.575815280E0,1.202703118E0,-6.770124435E-1,-1.455094337E0,2.005527405E0
3.580850681E0,1.745481968E0,-5.227060318E-1,-1.820644855E0,2.575786596E0
3.585916598E0,1.906340718E0,-3.977851868E-1,-1.915242672E0,2.731395702E0
3.590951999E0,1.740699053E0,-3.735752106E-1,-1.782750607E0,2.519482359E0
3.595987399E0,1.386488199E0,-3.759479523E-1,-1.666884899E0,2.200498047E0
3.601053317E0,9.089170694E-1,-4.072647095E-1,-1.571950436E0,1.860919922E0
3.606088718E0,4.392386675E-1,-5.297412872E-1,-1.267657757E0,1.442398221E0
3.611124118E0,-6.335294247E-2,-6.240797043E-1,-7.699623108E-1,9.931420002E-1
3.616190036E0,-5.555856228E-1,-6.240940094E-1,-3.430895805E-1,9.032603042E-1
3.621225436E0,-8.509112000E-1,-5.495290756E-1,-7.194280624E-2,1.015484044E0
3.626260837E0,-1.074859381E0,-4.939079285E-1,1.110005379E-1,1.188103047E0
3.631326755E0,-1.230114698E0,-5.052099228E-1,2.658457756E-1,1.356131710E0
3.636362155E0,-1.302329779E0,-4.950275421E-1,4.071550369E-1,1.451513122E0
3.641397556E0,-1.249974370E0,-4.802618027E-1,5.899324417E-1,1.463252408E0
3.646463473E0,-1.155505419E0,-4.394397736E-1,6.059522629E-1,1.376763681E0
3.651498874E0,-1.029740214E0,-3.942537308E-1,5.654006004E-1,1.239144363E0
3.656534274E0,-9.358303547E-1,-3.588590622E-1,4.583272934E-1,1.102098992E0
3.661600192E0,-8.296488523E-1,-3.762588501E-1,4.376387596E-1,1.010651089E0
3.666635593E0,-7.488462925E-1,-3.772563934E-1,4.770884514E-1,9.647313339E-1
3.671670993E0,-7.624502182E-1,-4.072971344E-1,5.574579239E-1,1.028581853E0
3.676736911E0,-7.703678608E-1,-3.898124695E-1,6.069712639E-1,1.055383588E0
3.681772311E0,-7.277851701E-1,-2.771711349E-1,7.120385170E-1,1.055222224E0
3.686807712E0,-6.137369871E-1,-1.867227554E-1,7.388162613E-1,9.784620303E-1
3.691873630E0,-4.905230999E-1,-1.470584869E-1,7.232031822E-1,8.861500736E-1
3.696909030E0,-3.653379083E-1,-4.810810089E-2,6.628241539E-1,7.583680080E-1
3.701944431E0,-1.638661027E-1,4.939079285E-3,5.504245758E-1,5.743202136E-1
3.707010348E0,8.884310722E-3,8.641338348E-2,5.173206329E-1,5.245634767E-1
3.712045749E0,1.367782950E-1,2.371091843E-1,4.722194672E-1,5.458207512E-1
3.717081149E0,1.628456116E-1,3.829870224E-1,4.123911858E-1,5.858875682E-1
3.722116550E0,1.326224208E-1,4.263296127E-1,3.757324219E-1,5.835413422E-1
3.727182468E0,4.156184196E-2,4.104156494E-1,3.333864212E-1,5.303912686E-1
3.732217868E0,-8.386367559E-2,3.877983093E-1,3.715586662E-1,5.435774896E-1
3.737283786E0,-2.251158357E-1,4.229135513E-1,3.876404762E-1,6.162776567E-1
3.742319186E0,-3.595607877E-1,4.461202621E-1,3.582420349E-1,6.757548401E-1
3.747354587E0,-4.254515171E-1,4.404926300E-1,3.817958832E-1,7.216722573E-1
3.752420505E0,-4.066739082E-1,4.514284134E-1,3.986344337E-1,7.266916071E-1
3.757455905E0,-2.745876312E-1,4.499235153E-1,4.067382812E-1,6.657819210E-1
3.762491306E0,-7.633125782E-2,4.861097336E-1,4.850640297E-1,6.909531438E-1
3.767557223E0,1.118841171E-1,5.528383255E-1,3.727183342E-1,6.760674718E-1
3.772592624E0,3.746991754E-1,6.142549515E-1,2.179722786E-1,7.518115001E-1
3.777628024E0,5.716964006E-1,6.394252777E-1,1.831951141E-1,8.770757722E-1
3.782693942E0,6.361840367E-1,6.357631683E-1,1.699032784E-1,9.153098157E-1
3.787729343E0,6.253744960E-1,6.080484390E-1,1.758217812E-1,8.897918089E-1
3.792764743E0,5.559963584E-1,5.680284500E-1,2.514142990E-1,8.336650528E-1
3.797830661E0,3.775750995E-1,5.228691101E-1,3.034720421E-1,7.127765024E-1
3.802866061E0,1.205932498E-1,4.415168762E-1,3.488073349E-1,5.754532481E-1
3.807901462E0,-1.483792663E-1,3.789787292E-1,3.995242119E-1,5.703164733E-1
3.812967380E0,-3.389025927E-1,2.490816116E-1,4.222612381E-1,5.959875584E-1
3.817972263E0,-4.134037495E-1,1.381616592E-1,4.790754318E-1,6.476917272E-1
3.823007663E0,-4.104185104E-1,1.417217255E-1,4.840221405E-1,6.502352141E-1
3.828073581E0,-2.653220892E-1,1.209707260E-1,4.609708786E-1,5.454574947E-1
3.833139499E0,2.250850201E-2,1.428928375E-1,3.883533478E-1,4.144192544E-1
3.838174899E0,3.080909848E-1,1.717195511E-1,2.826194763E-1,4.519750298E-1
3.843240817E0,4.895138144E-1,1.813383102E-1,2.606077194E-1,5.834584310E-1
3.848276218E0,5.316474438E-1,1.766233444E-1,1.857309341E-1,5.902040242E-1
3.853311618E0,4.269080758E-1,1.409044266E-1,2.087106705E-1,4.956457471E-1
3.858377536E0,2.847556472E-1,8.390903473E-2,2.480521202E-1,3.868544417E-1
3.863412936E0,1.591100097E-1,1.261901855E-2,3.974447250E-1,4.282960942E-1
3.868448337E0,1.068469882E-1,-1.347255707E-2,4.874348640E-1,4.991898791E-1
3.873514255E0,6.322133541E-2,-1.370429993E-2,5.589518547E-1,5.626827889E-1
3.878549655E0,1.027715802E-1,-7.412910461E-3,5.333232880E-1,5.431856758E-1
3.883585056E0,2.833203077E-1,5.568408966E-2,4.941706657E-1,5.723423464E-1
3.888650973E0,4.905522466E-1,1.661500931E-1,3.909687996E-1,6.489252363E-1
3.893686374E0,6.510410905E-1,2.211751938E-1,2.881512642E-1,7.455227152E-1
3.898721774E0,7.728148699E-1,2.259225845E-1,1.470127106E-1,8.184720975E-1
3.903787692E0,8.591204882E-1,1.852550507E-1,-1.471042633E-3,8.788683695E-1
3.908823093E0,7.748793364E-1,2.166376114E-1,-1.194348335E-1,8.134091959E-1
3.913858493E0,5.845731497E-1,1.912641525E-1,-2.289705276E-1,6.563042327E-1
3.918924411E0,4.387815595E-1,1.619205475E-1,-2.560458183E-1,5.332044464E-1
3.923929294E0,2.004346251E-1,1.190471649E-1,-1.767497063E-1,2.925520895E-1
3.928995212E0,-5.154812336E-2,3.383541107E-2,-1.702809334E-1,1.811011881E-1
3.934061130E0,-2.754514217E-1,-6.971263885E-2,-1.886563301E-1,3.410638483E-1
3.939096530E0,-4.315891862E-1,-1.198444366E-1,-1.193518639E-1,4.635480364E-1
3.944131931E0,-4.893790781E-1,-1.359577179E-1,-5.206584930E-3,5.079404411E-1
3.949197848E0,-4.924786389E-1,-1.613349915E-1,1.205892563E-1,5.320770226E-1
3.954233249E0,-4.537653029E-1,-9.091281891E-2,2.200064659E-1,5.124167599E-1
3.959268649E0,-4.042234719E-1,-5.173015594E-2,2.407269478E-1,4.733097164E-1
3.964334567E0,-3.532536626E-1,8.766174316E-3,3.335804939E-1,4.859433525E-1
3.969369968E0,-3.417347372E-1,8.095741272E-2,3.836941719E-1,5.201518536E-1
3.974405368E0,-3.859616518E-1,1.120176315E-1,3.484010696E-1,5.318812384E-1
3.979471286E0,-5.192074180E-1,1.380405426E-1,1.653342247E-1,5.621093667E-1
3.984506686E0,-6.245566607E-1,1.902141571E-1,-2.674865723E-2,6.534278373E-1
3.989542087E0,-6.420292854E-1,1.729393005E-1,-1.514496803E-1,6.819432606E-1
3.994608005E0,-6.483379602E-1,1.772851944E-1,-2.424726486E-1,7.145384078E-1
3.999643405E0,-5.477597713E-1,2.653865814E-1,-3.644409180E-1,7.094279297E-1
4.004678806E0,-4.232195020E-1,3.583621979E-1,-5.390825272E-1,7.734004026E-1
4.009744723E0,-2.617276311E-1,4.445600510E-1,-6.399793625E-1,8.220149489E-1
4.014780124E0,-5.537540838E-2,5.933694839E-1,-7.294659615E-1,9.419524241E-1
4.019815524E0,1.944992542E-1,7.547197342E-1,-8.676452637E-1,1.166293334E0
4.024881442E0,3.908846676E-1,9.239273071E-1,-9.732003212E-1,1.397695016E0
4.029916843E0,5.556383729E-1,1.041263580E0,-1.046234608E0,1.577203443E0
4.034952243E0,6.080189943E-1,1.104588509E0,-9.936513901E-1,1.605349169E0
4.040018161E0,4.618629813E-1,1.159502029E0,-7.654633522E-1,1.464136781E0
4.045053561E0,2.204468995E-1,1.208030701E0,-4.306306839E-1,1.301298504E0
4.050088962E0,-7.044912875E-2,1.141893387E0,-5.771827698E-2,1.145519527E0
4.055154880E0,-3.759743869E-1,1.049201012E0,2.391028404E-1,1.139890201E0
4.060190280E0,-6.002613306E-1,9.939041138E-1,3.530564308E-1,1.213592970E0
4.065225681E0,-7.082122564E-1,9.541988373E-1,4.949989319E-1,1.287277734E0
4.070291598E0,-8.110253811E-1,1.082751274E0,5.958638191E-1,1.478230761E0
4.075326999E0,-8.240602016E-1,1.283806801E0,6.338214874E-1,1.651957867E0
4.080362399E0,-9.170753956E-1,1.567080498E0,5.320315361E-1,1.892042844E0
4.085428317E0,-1.074573040E0,1.939892769E0,2.855396271E-1,2.235939188E0
4.090463718E0,-1.334078193E0,2.361753464E0,1.380844116E-1,2.716010190E0
4.095499118E0,-1.584953666E0,2.703581810E0,1.061000824E-1,3.135712033E0
4.100534518E0,-1.820317507E0,2.965365410E0,1.250386238E-1,3.481749919E0
4.105600436E0,-1.997498512E0,3.209099770E0,1.042413712E-1,3.781426702E0
4.110635837E0,-1.990258574E0,3.413374901E0,8.665561676E-2,3.952185042E0
4.115701755E0,-1.887183666E0,3.477833748E0,1.487512589E-1,3.959661186E0
4.120737155E0,-1.623300433E0,3.500775337E0,3.501353264E-1,3.874677665E0
4.125772556E0,-1.299185514E0,3.436691284E0,5.665335655E-1,3.717484400E0
4.130838473E0,-8.716911674E-1,3.405282021E0,7.453041077E-1,3.593225479E0
4.135873874E0,-3.329824805E-1,3.351677895E0,8.576784134E-1,3.475663146E0
4.140909274E0,2.769911885E-1,3.335611343E0,9.398198128E-1,3.476533968E0
4.145975192E0,7.679348588E-1,3.294702530E0,1.212085247E0,3.593596994E0
4.151010593E0,1.136338234E0,3.166759491E0,1.425770760E0,3.654100781E0
4.156045993E0,1.413949251E0,3.085449219E0,1.531318188E0,3.723464080E0
4.161111911E0,1.572752476E0,2.985624313E0,1.512876511E0,3.698147946E0
4.166147311E0,1.601490855E0,2.843595505E0,1.375211716E0,3.541470827E0
4.171182712E0,1.593723774E0,2.659659386E0,1.206619263E0,3.327111895E0
4.176248630E0,1.606451511E0,2.426826477E0,1.095413208E0,3.109678971E0
4.181284030E0,1.474662066E0,2.147959709E0,1.100763321E0,2.828434021E0
4.186319431E0,1.200487614E0,1.873334885E0,1.167510033E0,2.512694525E0
4.191385348E0,9.725066423E-1,1.552199364E0,1.382421970E0,2.294816450E0
4.196420749E0,6.565275788E-1,1.191915512E0,1.630401611E0,2.123652623E0
4.201456149E0,4.359425306E-1,7.730846405E-1,1.746878624E0,1.959410799E0
4.206522067E0,3.164152801E-1,5.014476776E-1,1.610058308E0,1.715766930E0
4.211557468E0,1.868591309E-1,2.294893265E-1,1.426855564E0,1.457222868E0
4.216592868E0,2.809282541E-1,-1.429691315E-1,1.271173000E0,1.309672346E0
4.221628268E0,4.313285351E-1,-4.361562729E-1,1.044480324E0,1.211286814E0
4.226694186E0,5.906211138E-1,-6.237335205E-1,8.376007080E-1,1.199771541E0
4.231729587E0,6.904878020E-1,-8.606138229E-1,6.185221672E-1,1.264910759E0
4.236795505E0,7.362447381E-1,-1.142001152E0,3.562254906E-1,1.404677737E0
4.241830905E0,7.171727419E-1,-1.383557320E0,1.765689850E-1,1.568357168E0
4.246866306E0,6.147722602E-1,-1.681123734E0,-2.076625824E-2,1.790126581E0
4.251932223E0,5.182346702E-1,-2.018105507E0,-1.708827019E-1,2.090578367E0
4.256967624E0,5.289269686E-1,-2.255238533E0,-4.086799622E-1,2.352208301E0
4.262003024E0,5.445356965E-1,-2.395057678E0,-7.627754211E-1,2.571895556E0
4.267038425E0,5.893865228E-1,-2.513878822E0,-1.114150524E0,2.812169020E0
4.272104343E0,6.902068257E-1,-2.621137619E0,-1.305377007E0,3.008447608E0
4.277139743E0,7.516228557E-1,-2.721400261E0,-1.392085075E0,3.147833724E0
4.282205661E0,8.069380522E-1,-2.771854401E0,-1.316823006E0,3.173066130E0
4.287241061E0,7.871959805E-1,-2.801358223E0,-1.122683048E0,3.118926519E0
4.292276462E0,7.497004271E-1,-2.862710953E0,-9.076356888E-1,3.095313760E0
4.297342380E0,8.800809383E-1,-2.972788811E0,-7.049074173E-1,3.179451248E0
4.302377780E0,9.676230550E-1,-3.079251289E0,-4.900274277E-1,3.264691373E0
4.307413181E0,8.901092410E-1,-3.239800453E0,-3.437585831E-1,3.377391212E0
4.312479098E0,9.315544963E-1,-3.433094025E0,-1.292829514E-1,3.559584589E0
4.317514499E0,9.363980889E-1,-3.534847260E0,-1.900672913E-3,3.656773187E0
4.322549899E0,8.347544670E-1,-3.643238068E0,7.197570801E-2,3.738339088E0
4.327615817E0,7.361704111E-1,-3.758271217E0,1.474919319E-1,3.832532229E0
4.332651218E0,6.542430520E-1,-3.822476387E0,2.292556763E-1,3.884831768E0
4.337686618E0,4.977313578E-1,-4.022589684E0,4.323406219E-1,4.076258417E0
4.342752536E0,2.449778169E-1,-4.109970093E0,6.493868828E-1,4.168161659E0
4.347787936E0,1.212545335E-1,-4.058808327E0,7.494606972E-1,4.129203196E0
4.352823337E0,-8.351948857E-2,-3.903026581E0,4.056425095E-1,3.924937941E0
4.357889255E0,-2.024116516E-1,-3.737895012E0,-4.769325256E-2,3.743675232E0
4.362924655E0,-1.724339575E-1,-3.764110565E0,4.449844360E-2,3.768320837E0
4.367960056E0,-1.785424054E-1,-3.606585503E0,-1.806306839E-2,3.611047307E0
4.373025973E0,-3.157033324E-1,-3.404242516E0,-3.785867691E-1,3.439747613E0
4.378061374E0,-3.112442493E-1,-3.321676254E0,-5.951542854E-1,3.388895800E0
4.383096774E0,-2.583446503E-1,-3.253390312E0,-6.107902527E-1,3.320294447E0
4.388162692E0,-2.001752257E-1,-3.068068504E0,-4.707040787E-1,3.110414249E0
4.393198093E0,2.978578210E-2,-2.897834778E0,-1.479396820E-1,2.901761489E0
4.398233493E0,3.644635677E-1,-2.774553299E0,1.770734787E-1,2.803985506E0
4.403299411E0,6.964913607E-1,-2.586638451E0,2.621679306E-1,2.691566591E0
4.408334811E0,9.330121279E-1,-2.456703186E0,2.713718414E-1,2.641882823E0
4.413370212E0,9.788813591E-1,-2.174659729E0,2.584466934E-1,2.398780596E0
4.418436130E0,9.680750370E-1,-2.027788162E0,1.353559494E-1,2.251092033E0
4.423471530E0,9.908531904E-1,-1.943634987E0,-2.037329674E-1,2.191121660E0
4.428506931E0,9.803163409E-1,-1.878602982E0,-5.105233192E-1,2.179633765E0
4.433572848E0,9.265364408E-1,-1.810800552E0,-7.066116333E-1,2.153315680E0
4.438608249E0,7.759136558E-1,-1.670092583E0,-5.950388908E-1,1.935283576E0
4.443643649E0,6.282423735E-1,-1.564186096E0,-3.960738182E-1,1.731542980E0
4.448709567E0,5.144079328E-1,-1.519713402E0,-1.782202721E-1,1.614282135E0
4.453744968E0,2.190917134E-1,-1.536365509E0,-5.173826218E-2,1.552770751E0
4.458780368E0,-8.218449354E-2,-1.511421204E0,-3.483772278E-2,1.514054825E0
4.463846286E0,-3.145854473E-1,-1.377886772E0,1.498746872E-1,1.421266471E0
4.468881686E0,-4.069166183E-1,-9.676618576E-1,4.353992939E-1,1.136452001E0
4.473917087E0,-6.418871880E-1,-5.701856613E-1,2.759473324E-1,9.018191508E-1
4.478983005E0,-8.675321341E-1,-5.250110626E-1,9.557628632E-2,1.018520224E0
4.484018405E0,-9.398806095E-1,-5.728654861E-1,2.733404636E-1,1.134136427E0
4.489053806E0,-9.877415299E-1,-4.769792557E-1,3.166003227E-1,1.141655948E0
4.494119723E0,-1.054030180E0,-2.783603668E-1,1.065573692E-1,1.095362309E0
4.499155124E0,-9.310393333E-1,-2.946796417E-1,-2.931864262E-1,1.019621798E0
4.504190524E0,-7.285727859E-1,-3.340883255E-1,-1.000104189E0,1.281655844E0
4.509256442E0,-6.707463264E-1,-1.904363632E-1,-1.737649202E0,1.872322460E0
4.514291843E0,-6.430370808E-1,3.896331787E-2,-2.126263618E0,2.221713709E0
4.519327243E0,-6.526224613E-1,2.848176956E-1,-2.284520388E0,2.392920934E0
4.524362643E0,-7.426936626E-1,4.660358429E-1,-2.185288668E0,2.354627326E0
4.529428561E0,-8.224630356E-1,6.301059723E-1,-1.885613680E0,2.151515264E0
4.534463962E0,-8.874393702E-1,8.295974731E-1,-1.505776644E0,1.934720627E0
4.539529880E0,-9.613612890E-1,1.030422211E0,-1.264368773E0,1.893307649E0
4.544565280E0,-1.024826884E0,1.134380341E0,-1.105847836E0,1.886793135E0
4.549600681E0,-8.956307173E-1,1.064671516E0,-9.331839085E-1,1.675264763E0
4.554605563E0,-7.814165354E-1,1.103772163E0,-7.275247574E-1,1.535648743E0
4.559671481E0,-7.962507010E-1,1.232072830E0,-5.209839344E-1,1.556741115E0
4.564706882E0,-8.369157314E-1,1.387386322E0,-3.999950886E-1,1.668911268E0
4.569772800E0,-7.617207766E-1,1.468979836E0,-1.191723347E-1,1.659012460E0
4.574808200E0,-7.929463387E-1,1.608509064E0,6.280350685E-2,1.794438515E0
4.579874118E0,-9.759137630E-1,1.834247589E0,9.736251831E-2,2.079988306E0
4.584909518E0,-1.093330741E0,1.954798698E0,2.762932777E-1,2.256756087E0
4.589944919E0,-1.246205807E0,2.037008286E0,4.591174126E-1,2.431711427E0
4.595010837E0,-1.523819208E0,2.293537140E0,6.106860638E-1,2.820509716E0
4.600046237E0,-1.824617147E0,2.518452644E0,8.213039637E-1,3.216577631E0
4.605081638E0,-1.961409688E0,2.699617386E0,9.835585356E-1,3.478857483E0
4.610117038E0,-1.976424694E0,3.006704330E0,1.470332503E0,3.886952942E0
4.615182956E0,-1.949480176E0,3.391511917E0,1.660359263E0,4.249661036E0
4.620248874E0,-1.710676432E0,3.645995140E0,1.367606640E0,4.253239041E0
4.625284274E0,-1.441370249E0,3.992971420E0,7.591260672E-1,4.312498272E0
4.630350192E0,-1.222820759E0,4.382237434E0,2.393852472E-1,4.555941268E0
4.635385593E0,-1.236580610E0,4.704154015E0,-3.207182884E-1,4.874531446E0
4.640420993E0,-1.351146102E0,4.980372429E0,-7.519143820E-1,5.214890273E0
4.645486911E0,-1.418867588E0,5.285043716E0,-9.947611094E-1,5.561872165E0
4.650522311E0,-1.368136406E0,5.682837486E0,-1.263234377E0,5.980150517E0
4.655557712E0,-1.084373116E0,6.051598549E0,-1.307867289E0,6.285557008E0
4.660623630E0,-9.194267988E-1,6.431973457E0,-1.125776410E0,6.594164141E0
4.665659030E0,-8.125422001E-1,6.718976974E0,-7.417947054E-1,6.808460604E0
4.670694431E0,-9.431929588E-1,6.898285866E0,-2.313530445E-1,6.966310722E0
4.675760348E0,-1.223214388E0,7.022536278E0,2.372514009E-1,7.132219671E0
4.680795749E0,-1.477387190E0,7.158909798E0,4.901691675E-1,7.326181011E0
4.685831149E0,-1.693936467E0,7.154471397E0,6.047027707E-1,7.377096121E0
4.690897067E0,-1.851245403E0,7.138716698E0,7.122712731E-1,7.409164325E0
4.695932468E0,-1.978766084E0,7.088165283E0,1.022066593E0,7.429819811E0
4.700967868E0,-2.148247957E0,6.952718735E0,1.364233255E0,7.403809794E0
4.706033786E0,-2.259245157E0,6.849792480E0,1.557876587E0,7.379080238E0
4.711069186E0,-2.365672588E0,6.652786255E0,1.667839646E0,7.255181654E0
4.716104587E0,-2.563726902E0,6.534103394E0,1.659597635E0,7.212590873E0
4.721170505E0,-2.981561661E0,6.472291946E0,1.519662857E0,7.286264350E0
4.726175388E0,-3.510951996E0,6.436459541E0,1.153272390E0,7.421915693E0
4.731241306E0,-3.979105234E0,6.620525360E0,6.273708344E-1,7.749724426E0
4.736307223E0,-4.405735016E0,6.852487564E0,2.317130566E-3,8.146600040E0
4.741342624E0,-4.990163803E0,6.962885857E0,-6.209873557E-1,8.588896293E0
4.746378024E0,-5.535626888E0,6.904475212E0,-1.007538080E0,8.906743287E0
4.751443942E0,-6.022595882E0,6.799948692E0,-1.041943073E0,9.143118109E0
4.756479343E0,-6.430694103E0,6.537275314E0,-9.236862063E-1,9.216452213E0
4.761514743E0,-6.563387871E0,5.971416473E0,-5.767119527E-1,8.892045418E0
4.766580661E0,-6.371797085E0,5.223114967E0,1.497456431E-1,8.240336875E0
4.771616061E0,-5.922114372E0,4.307264328E0,1.168770194E0,7.415523474E0
4.776651462E0,-5.242752552E0,3.490345955E0,2.253064632E0,6.689190492E0
4.781717380E0,-4.540987968E0,2.651345253E0,3.138736486E0,6.123877049E0
4.786752780E0,-4.065208912E0,1.795212746E0,3.596721649E0,5.717090075E0
4.791788181E0,-3.632493496E0,1.087796211E0,3.484952927E0,5.150068591E0
4.796854098E0,-3.213057756E0,4.459104538E-1,2.925276041E0,4.368044894E0
4.801889499E0,-2.682107210E0,-1.316146851E-1,1.913559675E0,3.297382620E0
4.806924899E0,-2.238077879E0,-4.942846298E-1,5.345059633E-1,2.353509404E0
4.811990817E0,-1.785498619E0,-7.573242188E-1,-7.051335573E-1,2.063675998E0
4.816995700E0,-1.400227070E0,-1.153388977E0,-1.584162116E0,2.408425126E0
4.822031100E0,-1.121324778E0,-1.543004990E0,-2.041815758E0,2.794144814E0
4.827097018E0,-9.699542522E-1,-1.895834923E0,-2.108913183E0,2.997084603E0
4.832162936E0,-9.705691338E-1,-2.220423698E0,-1.923210144E0,3.093707016E0
4.837198337E0,-1.023097038E0,-2.606735229E0,-1.587662220E0,3.219078662E0
4.842264255E0,-1.055245399E0,-3.046437263E0,-1.097209692E0,3.405611834E0
4.847299655E0,-1.099766731E0,-3.364430428E0,-5.300798416E-1,3.579086979E0
4.852335056E0,-1.128594875E0,-3.689549446E0,-1.013803482E-1,3.859634631E0
4.857400973E0,-1.099661350E0,-3.994929314E0,4.000973701E-2,4.143708012E0
4.862436374E0,-8.958053589E-1,-4.376152992E0,8.225393295E-2,4.467655757E0
4.867471774E0,-5.919699669E-1,-4.635073662E0,2.261376381E-2,4.672777298E0
4.872537692E0,-9.775781631E-2,-5.013934612E0,-1.992335320E-1,5.018843581E0
4.877573093E0,4.379096031E-1,-5.242857456E0,-5.660290718E-1,5.291475034E0
4.882608493E0,5.912556648E-1,-5.234298706E0,-7.243435383E-1,5.317155233E0
4.887674411E0,8.697204590E-1,-5.199569702E0,-6.161067486E-1,5.307685587E0
4.892709811E0,9.253401756E-1,-5.269773006E0,-4.664855003E-1,5.370695551E0
4.897745212E0,1.282184124E0,-5.424856186E0,-7.266926765E-2,5.574795206E0
4.902811130E0,1.800813198E0,-5.463853359E0,5.445618629E-1,5.778682318E0
4.907846530E0,2.142974854E0,-5.187494278E0,1.199795961E0,5.739507684E0
4.912881931E0,2.383736610E0,-4.699921608E0,1.817932844E0,5.574615967E0
4.917947848E0,2.705750942E0,-4.430463314E0,2.270616293E0,5.666197286E0
4.922983249E0,3.154574871E0,-4.372893333E0,2.296221018E0,5.860560527E0
4.928018649E0,3.566854000E0,-4.231045723E0,2.044348240E0,5.899453796E0
4.933084567E0,3.741616249E0,-3.975076675E0,1.676272392E0,5.710588049E0
4.938119968E0,3.766494274E0,-3.552494526E0,1.281759024E0,5.333816895E0
4.943155368E0,3.855170727E0,-3.105834007E0,9.253404140E-1,5.036347992E0
4.948221286E0,4.187600136E0,-2.674325943E0,5.117013454E-1,4.994982724E0
4.953256686E0,4.690492630E0,-2.247483730E0,-4.741835594E-2,5.201360661E0
4.958292087E0,5.151057720E0,-1.751397133E0,-5.887591839E-1,5.472424045E0
4.963358005E0,5.614608765E0,-1.162538052E0,-1.340286732E0,5.888267557E0
4.968393405E0,6.039718151E0,-1.114671230E0,-2.267638922E0,6.546974383E0
4.973428806E0,6.428646088E0,-1.071729660E0,-2.754838943E0,7.075678949E0
4.978494723E0,6.579392433E0,-1.168321133E0,-2.967210531E0,7.311478468E0
4.983530124E0,6.893067837E0,-1.243158340E0,-2.913513899E0,7.586065522E0
4.988565524E0,7.070077419E0,-1.338183403E0,-2.895566940E0,7.756354649E0
4.993631442E0,7.176565647E0,-1.271121502E0,-2.459238291E0,7.691989166E0
4.998666843E0,7.173805714E0,-8.613076210E-1,-1.822481394E0,7.451629195E0
5.003702243E0,6.745334148E0,-4.569950104E-1,-1.613257170E0,6.950609751E0
5.008737643E0,6.368717194E0,-3.184041977E-1,-1.690890551E0,6.597048642E0
5.013803561E0,6.697328568E0,-3.075027466E-2,-1.542235613E0,6.872673876E0
5.018838962E0,6.764554977E0,4.243259430E-1,-8.660113811E-1,6.832951943E0
5.023904880E0,6.562026501E0,8.929595947E-1,2.584030628E-1,6.627544098E0
5.028940280E0,6.141347885E0,1.091585636E0,1.364552259E0,6.385116750E0
5.033975681E0,5.717552185E0,9.527497292E-1,2.041553974E0,6.145411106E0
5.039041598E0,5.541624546E0,8.197822571E-1,2.114953756E0,5.987877333E0
5.044076999E0,5.538191319E0,8.147764206E-1,2.090431452E0,5.975393489E0
5.049112399E0,5.538078308E0,6.958074570E-1,1.933086157E0,5.906884242E0
5.054178317E0,5.319021702E0,5.444583893E-1,1.650687456E0,5.595819500E0
5.059213718E0,5.113034248E0,2.843217850E-1,1.228126049E0,5.266142012E0
5.064249118E0,4.878797054E0,-8.163452148E-4,1.053238869E0,4.991189585E0
5.069315036E0,4.453420639E0,-1.362123489E-1,9.068818092E-1,4.546860874E0
5.074350436E0,4.094922066E0,-2.110433578E-1,1.011844635E0,4.223358331E0
5.079385837E0,3.908627748E0,-3.929662704E-1,1.319983244E0,4.144170500E0
5.084451755E0,3.658226967E0,-6.845073700E-1,1.393655062E0,3.974097295E0
5.089487155E0,3.343535185E0,-7.326898575E-1,1.315943718E0,3.667120100E0
5.094522556E0,3.050328493E0,-7.461805344E-1,1.326251745E0,3.408846285E0
5.099588473E0,2.731128216E0,-8.950452805E-1,1.367890835E0,3.182969167E0
5.104623874E0,2.255116701E0,-9.034404755E-1,1.003437281E0,2.628429646E0
5.109659274E0,1.555532813E0,-7.555227280E-1,4.772846699E-1,1.793961421E0
5.114725192E0,7.829377651E-1,-8.035383224E-1,7.423901558E-2,1.124356176E0
5.119760593E0,2.063574791E-1,-3.037853241E-1,5.908155441E-2,3.719671523E-1
5.124795993E0,-2.336274385E-1,-3.246412277E-1,-4.511547089E-2,4.025035559E-1
5.129861911E0,-5.017973185E-1,-5.793313980E-1,4.936776161E-1,9.116704482E-1
5.134897311E0,-8.864622116E-1,-7.568435669E-1,8.914122581E-1,1.467393353E0
5.139932712E0,-1.193119526E0,-1.065348625E0,1.278945923E0,2.047975725E0
5.144998630E0,-1.228138089E0,-1.581106186E0,1.815836668E0,2.702865654E0
5.150034030E0,-1.152671695E0,-2.107545853E0,2.183272123E0,3.246086678E0
5.155069431E0,-1.083425641E0,-2.594287872E0,2.266219616E0,3.611079068E0
5.160135348E0,-1.042005658E0,-2.924172401E0,2.262717962E0,3.841412839E0
5.165170749E0,-1.100703239E0,-3.147341728E0,2.241812944E0,4.017839326E0
5.170206149E0,-1.157961249E0,-3.230670929E0,1.661405563E0,3.812922416E0
5.175272067E0,-1.425569654E0,-3.029427528E0,6.329181194E-1,3.407383943E0
5.180307468E0,-1.684737921E0,-2.849168777E0,-2.983059883E-1,3.323415569E0
5.185342868E0,-1.680198789E0,-2.803259850E0,-1.081655741E0,3.442573586E0
5.190408786E0,-1.591658592E0,-2.694031715E0,-1.724293709E0,3.572726235E0
5.195444186E0,-1.401284456E0,-2.432232857E0,-2.301298618E0,3.629783758E0
5.200479587E0,-9.992711544E-1,-2.262425423E0,-2.694258690E0,3.657340772E0
5.205545505E0,-5.695054531E-1,-2.053383827E0,-2.930774212E0,3.623556138E0
5.210580905E0,-3.765366077E-1,-1.636372566E0,-3.080060005E0,3.508028596E0
5.215616306E0,-2.083888054E-1,-1.227030754E0,-2.893855095E0,3.150147247E0
5.220682223E0,3.346800804E-3,-1.033546448E0,-2.578653812E0,2.778072163E0
5.225717624E0,1.416655779E-1,-9.390382767E-1,-1.953930378E0,2.172488422E0
5.230753024E0,1.769679785E-1,-8.715314865E-1,-1.309461594E0,1.582900648E0
5.235818942E0,2.218587399E-1,-7.926216125E-1,-7.884311676E-1,1.139778060E0
5.240854343E0,2.912342548E-1,-8.312473297E-1,-1.291060448E-1,8.902010364E-1
5.245889743E0,2.267906666E-1,-8.982868195E-1,8.250036240E-1,1.240558018E0
5.250955661E0,1.025350094E-1,-9.093503952E-1,1.881270885E0,2.092035304E0
5.255991061E0,-1.951658726E-2,-9.618778229E-1,2.711961269E0,2.877555172E0
5.261026462E0,-1.355248690E-1,-1.107603073E0,3.625645638E0,3.793475695E0
5.266092380E0,-1.782526970E-1,-1.274221420E0,4.790552616E0,4.960323439E0
5.271127780E0,-1.938414574E-1,-1.306076050E0,5.695507526E0,5.846555836E0
5.276163181E0,-2.227363586E-1,-1.284481049E0,6.336385250E0,6.469102031E0
5.281229098E0,-1.230224371E-1,-1.283511162E0,7.036399841E0,7.153562619E0
5.286264499E0,5.592679977E-2,-1.221753120E0,7.606358051E0,7.704056808E0
5.291299899E0,1.270520687E-1,-1.187325478E0,7.950791836E0,8.039961121E0
5.296365817E0,1.679394245E-1,-1.327738762E0,8.293395996E0,8.400685152E0
5.301401218E0,1.804182529E-1,-1.525117874E0,8.453678131E0,8.592043367E0
5.306436618E0,2.394161224E-1,-1.764385223E0,8.210321426E0,8.401175705E0
5.311502536E0,2.162563801E-1,-1.992774010E0,7.759779453E0,8.014492638E0
5.316537936E0,1.312031746E-1,-2.177453995E0,7.132650375E0,7.458768099E0
5.321573337E0,-3.785991669E-2,-2.385796547E0,6.479279518E0,6.904673896E0
5.326639255E0,-1.316237450E-1,-2.606306076E0,5.689197540E0,6.259163269E0
5.331674655E0,-1.428966522E-1,-2.772806168E0,5.077839851E0,5.787342313E0
5.336710056E0,-1.538693905E-1,-2.861832619E0,4.350624561E0,5.209769266E0
5.341775973E0,-1.624550819E-1,-2.756786346E0,3.822562218E0,4.715744323E0
5.346811374E0,-2.601380348E-1,-2.800892830E0,3.417788506E0,4.426505474E0
5.351846774E0,-4.421396255E-1,-2.958583832E0,2.989534855E0,4.229187202E0
5.356912692E0,-4.929053783E-1,-3.151006699E0,2.764622211E0,4.220774206E0
5.361948093E0,-5.407791138E-1,-3.369057655E0,2.674535751E0,4.335450729E0
5.366983493E0,-7.926220894E-1,-3.512045860E0,2.747611046E0,4.529026646E0
5.372049411E0,-9.899313450E-1,-3.694487572E0,3.199602127E0,4.986647798E0
5.377084811E0,-9.316413403E-1,-3.973462105E0,3.767439842E0,5.554273998E0
5.382120212E0,-7.299063206E-1,-4.120680809E0,4.105682850E0,5.862542557E0
5.387186130E0,-3.273043633E-1,-4.236061096E0,4.294627190E0,6.041122781E0
5.392221530E0,2.099611759E-1,-4.376814842E0,4.441753387E0,6.239372165E0
5.397287448E0,6.462690830E-1,-4.434633255E0,4.272562981E0,6.191803474E0
5.402322848E0,9.840240479E-1,-4.421708107E0,3.949819088E0,6.010064620E0
5.407358249E0,1.369443893E0,-4.423628807E0,3.395502567E0,5.742238769E0
5.412424167E0,1.714582920E0,-4.454073906E0,2.797069550E0,5.531922542E0
5.417459567E0,1.835881710E0,-4.420008659E0,2.400070190E0,5.354182956E0
5.422494968E0,1.602710485E0,-4.433573723E0,2.158823967E0,5.185149735E0
5.427560886E0,1.259524584E0,-4.628387451E0,1.822229862E0,5.131168897E0
5.432596286E0,6.719815731E-1,-4.892506123E0,1.375193119E0,5.126337046E0
5.437631686E0,3.298282623E-2,-5.080243587E0,9.111475945E-1,5.161409954E0
5.442697604E0,-6.832721233E-1,-5.113440990E0,3.391709328E-1,5.170026739E0
5.447733005E0,-1.469239712E0,-5.144832134E0,-2.872815132E-1,5.358217398E0
5.452768405E0,-2.098661423E0,-5.395913601E0,-8.358311653E-1,5.849690342E0
5.457803806E0,-2.472709894E0,-5.803366661E0,-1.346086979E0,6.450217747E0
5.462869723E0,-2.523630142E0,-6.382037163E0,-1.758525372E0,7.084597301E0
5.467905124E0,-2.566191196E0,-6.936977386E0,-2.028875828E0,7.669636865E0
5.472971042E0,-2.592196703E0,-7.422607422E0,-2.079802990E0,8.132660399E0
5.478006442E0,-2.423157215E0,-8.142709732E0,-2.071417809E0,8.744494520E0
5.483041843E0,-1.755379200E0,-8.699123383E0,-1.684673786E0,9.032952426E0
5.488077243E0,-6.534385681E-1,-9.277015686E0,-9.124684334E-1,9.344656261E0
5.493143161E0,4.341714382E-1,-9.871747971E0,1.376390457E-2,9.881300637E0
5.498178561E0,1.315625429E0,-1.059079647E1,9.037718773E-1,1.071039886E1
5.503213962E0,1.933724642E0,-1.111630249E1,1.680288792E0,1.140766595E1
5.508279880E0,2.251966953E0,-1.150448799E1,2.318344116E0,1.194986688E1
5.513315280E0,2.498216391E0,-1.205373955E1,2.994783878E0,1.266895626E1
5.518381198E0,2.537994385E0,-1.264535522E1,3.440286636E0,1.334848292E1
5.523416598E0,2.561782122E0,-1.327485657E1,3.532210350E0,1.397358417E1
5.528451999E0,2.552958488E0,-1.382798386E1,3.148209572E0,1.440978689E1
5.533487399E0,2.406238079E0,-1.442152500E1,2.401429176E0,1.481678869E1
5.538553317E0,2.216272116E0,-1.489030647E1,1.450220585E0,1.512402819E1
5.543588718E0,2.275490761E0,-1.512558365E1,5.619039536E-1,1.530610581E1
5.548654636E0,2.192826509E0,-1.543501663E1,-8.758354187E-2,1.559025008E1
5.553690036E0,2.248759031E0,-1.587321758E1,-4.473590851E-1,1.603795759E1
5.558725436E0,2.444116116E0,-1.633228302E1,-3.423547745E-1,1.651769896E1
5.563791354E0,2.469580412E0,-1.663494873E1,-1.311254501E-2,1.681726846E1
5.568826755E0,2.491898537E0,-1.698272133E1,4.349012375E-1,1.717007633E1
5.573862155E0,3.026697397E0,-1.724061966E1,1.179104328E0,1.754394911E1
5.578897556E0,2.927425623E0,-1.727788925E1,2.366172314E0,1.768315722E1
5.583963473E0,3.000649452E0,-1.747084808E1,3.461715698E0,1.806150341E1
5.588998874E0,3.495694399E0,-1.760604095E1,4.285099030E0,1.845412233E1
5.594034274E0,3.902348757E0,-1.759206772E1,4.191769123E0,1.850081352E1
5.599100192E0,4.247877121E0,-1.722015762E1,3.387623787E0,1.805697327E1
5.604135593E0,4.785424709E0,-1.665910339E1,2.744264603E0,1.754870376E1
5.609201511E0,5.288383007E0,-1.643673515E1,2.310959816E0,1.742049921E1
5.614236911E0,5.476247787E0,-1.628361511E1,1.908320904E0,1.728545920E1
5.619272311E0,5.327185631E0,-1.605678940E1,1.749898911E0,1.700769058E1
5.624338229E0,5.025252342E0,-1.573054314E1,1.588801384E0,1.658998006E1
5.629373630E0,4.635385513E0,-1.543015480E1,1.179352760E0,1.615448387E1
5.634409030E0,4.306877136E0,-1.527413082E1,8.563489914E-1,1.589281588E1
5.639474948E0,4.136027336E0,-1.514877129E1,9.518947601E-1,1.573207225E1
5.644510348E0,4.025094032E0,-1.488843346E1,1.581867695E0,1.550384269E1
5.649545749E0,3.704439402E0,-1.467417526E1,2.338434696E0,1.531412968E1
5.654611667E0,3.742330551E0,-1.452402496E1,2.948967457E0,1.528557320E1
5.659647067E0,3.791445971E0,-1.437863731E1,3.489210606E0,1.527399307E1
5.664712985E0,3.738751411E0,-1.415410614E1,4.018984795E0,1.518121278E1
5.669717868E0,3.923344612E0,-1.396041870E1,4.320594311E0,1.513120810E1
5.674753268E0,3.975720882E0,-1.384171295E1,4.204112530E0,1.500246434E1
5.679788669E0,4.032002449E0,-1.370401764E1,4.134087086E0,1.487103962E1
5.684854587E0,4.077384949E0,-1.351452255E1,4.190591812E0,1.472509584E1
5.689889987E0,4.151443481E0,-1.335806465E1,4.133053303E0,1.458610653E1
5.694955905E0,4.338604927E0,-1.310421181E1,3.625345230E0,1.427189503E1
5.699991306E0,4.610933781E0,-1.268985939E1,3.125695229E0,1.385868725E1
5.705026706E0,4.779211044E0,-1.240786362E1,2.933196068E0,1.361615133E1
5.710092624E0,4.742335320E0,-1.189930058E1,3.385008812E0,1.324920311E1
5.715128024E0,4.383889198E0,-1.097239399E1,4.360107422E0,1.259454053E1
5.720193942E0,3.735084295E0,-9.992908478E0,5.440167904E0,1.197516185E1
5.725229343E0,2.984775543E0,-9.239725113E0,6.187915802E0,1.151397877E1
5.730295261E0,2.349259377E0,-8.574195862E0,6.598889828E0,1.107163950E1
5.735330661E0,1.772308826E0,-7.687741280E0,6.679134846E0,1.033698635E1
5.740366061E0,1.240829945E0,-6.722015858E0,6.524574280E0,9.449615107E0
5.745431979E0,7.288622856E-1,-5.641976357E0,6.400311470E0,8.563125852E0
5.750467380E0,2.179398537E-1,-4.645139694E0,6.828504562E0,8.261555248E0
5.755502780E0,-3.564202785E-1,-4.002041817E0,7.556358337E0,8.558149651E0
5.760568698E0,-8.015179634E-1,-3.791168213E0,8.405165672E0,9.255387482E0
5.765604098E0,-9.829578400E-1,-3.868872643E0,9.363616943E0,1.017898344E1
5.770639499E0,-1.267786503E0,-3.734721184E0,1.071112728E1,1.141418734E1
5.775705417E0,-1.508970737E0,-3.500914574E0,1.162151718E1,1.223082406E1
5.780740817E0,-1.205392122E0,-2.737760544E0,1.154897499E1,1.193009331E1
5.785776218E0,-1.078869343E0,-1.617294312E0,1.097147179E1,1.114238723E1
5.790842136E0,-1.257525325E0,-9.131240845E-2,1.113423061E1,1.120539153E1
5.795877536E0,-1.552676201E0,1.784581184E0,1.180876541E1,1.204335808E1
5.800912936E0,-1.682541370E0,3.308610916E0,1.309461784E1,1.361054254E1
5.805978854E0,-1.633045912E0,4.573614120E0,1.479087353E1,1.556774630E1
5.811014255E0,-1.207514524E0,5.963279724E0,1.669651604E1,1.777054991E1
5.816049655E0,-5.839117765E-1,7.634916306E0,1.840815353E1,1.993722690E1
5.821115573E0,9.945189953E-2,9.216725349E0,1.933753586E1,2.142190958E1
5.826120456E0,7.131375074E-1,1.087196636E1,1.952791214E1,2.236174345E1
5.831186374E0,1.341716886E0,1.247219276E1,1.954791260E1,2.322663737E1
5.836252292E0,1.184021592E0,1.338552856E1,1.979755020E1,2.392733324E1
5.841287692E0,4.339871407E-1,1.528358173E1,2.028159714E1,2.539920073E1
5.846323093E0,4.358784556E-1,1.609632874E1,2.160930824E1,2.694891448E1
5.851389011E0,1.065903902E0,1.615341377E1,2.331840706E1,2.838691662E1
5.856392410E0,1.548506975E0,1.769902229E1,2.448561478E1,3.025224942E1
5.861427810E0,2.085031509E0,1.953800583E1,2.508081627E1,3.186107928E1
5.866493728E0,2.613215446E0,2.100093842E1,2.504436493E1,3.278854257E1
5.871529129E0,3.230634928E0,2.340781021E1,2.447371864E1,3.401948684E1
5.876564529E0,3.766273260E0,2.563378143E1,2.333466911E1,3.486807060E1
5.881630447E0,3.957085133E0,2.735843658E1,2.204187965E1,3.535515569E1
5.886665847E0,3.245792866E0,2.964935303E1,2.105312920E1,3.650826694E1
5.891701248E0,2.086288452E0,3.140768623E1,2.115138245E1,3.792329539E1
5.896767166E0,3.348743916E-1,3.147968102E1,2.253709030E1,3.871695878E1
5.901802566E0,-1.648956299E0,3.154456329E1,2.455363464E1,4.000824296E1
5.906837967E0,-3.250795841E0,3.159833527E1,2.626869202E1,4.121973612E1
5.911903885E0,-4.257243633E0,3.163744926E1,2.740775299E1,4.207418738E1
5.916939285E0,-5.172938347E0,3.165825272E1,2.754602814E1,4.228224122E1
5.921974685E0,-6.472567558E0,3.165995598E1,2.812610626E1,4.284069090E1
5.927040603E0,-7.174619198E0,3.164056015E1,2.851961517E1,4.319685934E1
5.932076004E0,-7.143670082E0,3.159869766E1,2.715864182E1,4.227412378E1
5.937111404E0,-6.001952171E0,3.131175995E1,2.444855499E1,4.017687870E1
5.942177322E0,-3.989674807E0,2.894508362E1,2.087724686E1,3.591092880E1
5.947212722E0,-2.206313848E0,2.644595718E1,1.715306282E1,3.159879802E1
5.952248123E0,-9.043820500E-1,2.386361122E1,1.353184986E1,2.744814763E1
5.957314041E0,1.079550683E-1,2.135918808E1,1.037926674E1,2.374775248E1
5.962349441E0,9.681460857E-1,1.905126953E1,7.887160778E0,2.064208039E1
5.967384842E0,1.890858054E0,1.706108475E1,6.050528526E0,1.820068274E1
5.972450760E0,2.751265049E0,1.526492214E1,5.092374802E0,1.632542767E1
5.977486160E0,3.295358896E0,1.372084618E1,4.065948009E0,1.468512660E1
5.982521560E0,3.799170971E0,1.229038143E1,2.666869164E0,1.313770783E1
5.987587478E0,4.158052921E0,1.119725132E1,1.242402077E0,1.200880528E1
5.992622879E0,4.328676224E0,1.021689701E1,-3.584771156E-1,1.110184346E1
5.997658279E0,3.306071281E0,8.660059929E0,-9.507894516E-1,9.318301662E0
6.002724197E0,1.791306376E0,7.261137962E0,-2.747535706E-1,7.483875505E0
6.007759597E0,1.025683880E0,6.150752068E0,4.542903900E-1,6.252212263E0
6.012794998E0,7.633577585E-1,5.141120911E0,1.187300682E0,5.331371512E0
6.017860916E0,2.410017103E-1,4.140938759E0,2.154071331E0,4.673914733E0
6.022896316E0,-4.675685465E-1,2.839664459E0,3.126149654E0,4.249132411E0
6.027901199E0,-5.512691140E-1,1.942834854E0,3.850317955E0,4.347810168E0
6.032967117E0,-3.683061004E-1,9.868726730E-1,4.568994999E0,4.688846591E0
6.038033035E0,-9.308906198E-1,-3.608655930E-1,5.218212128E0,5.312863553E0
6.043068435E0,-1.455391645E-1,-6.032028198E-1,6.315007210E0,6.345419714E0
6.048134353E0,-3.282763660E-1,-1.378419876E0,6.903012276E0,7.046941550E0
6.053169754E0,-7.084698677E-1,-2.651966095E0,7.149640560E0,7.658473338E0
6.058205154E0,-2.962596416E-1,-3.644075394E0,7.171432972E0,8.049627701E0
6.063271072E0,3.187692165E-2,-3.767103195E0,7.187442780E0,8.114888559E0
6.068306472E0,-1.410333067E-1,-4.109457970E0,6.457515717E0,7.655523785E0
6.073341873E0,-6.857411861E-1,-5.099018097E0,5.457072258E0,7.499990944E0
6.078407791E0,-6.554495096E-1,-5.551186562E0,4.464151382E0,7.153595870E0
6.083443191E0,-5.518261194E-1,-5.957828522E0,3.034997702E0,6.709056849E0
6.088478592E0,-3.947740495E-1,-6.461704254E0,1.397334576E0,6.622840201E0
6.093544510E0,-4.872331023E-2,-6.727039337E0,-2.104752064E-1,6.730507560E0
6.098579910E0,3.900435269E-1,-7.003933907E0,-1.645981789E0,7.205309165E0
6.103615310E0,8.049843907E-1,-7.316328049E0,-2.791487694E0,7.872042907E0
6.108681228E0,1.223187447E0,-7.640519142E0,-3.662489891E0,8.560814943E0
6.113716629E0,1.709799647E0,-7.863960266E0,-4.078082085E0,9.021975360E0
6.118752029E0,2.229604244E0,-8.054226875E0,-4.177412510E0,9.343044521E0
6.123817947E0,2.556557417E0,-8.343533516E0,-4.107917786E0,9.644974126E0
6.128853347E0,2.651776552E0,-8.717813492E0,-3.737762451E0,9.849013103E0
6.133888748E0,2.499752045E0,-8.921726227E0,-3.196970940E0,9.801356148E0
6.138954666E0,2.288268089E0,-8.934451103E0,-2.909701347E0,9.670933217E0
6.143990066E0,1.898737073E0,-9.105432510E0,-2.576850891E0,9.651645673E0
6.149025467E0,1.379155636E0,-9.315380096E0,-1.943025827E0,9.615286058E0
6.154091385E0,5.399718881E-1,-9.540940285E0,-1.357074976E0,9.652085974E0
6.159126785E0,3.988898993E-1,-9.115488052E0,-6.438169479E-1,9.146897608E0
6.164162185E0,1.113902032E-1,-8.817498207E0,-3.331542015E-1,8.824492854E0
6.169228103E0,-2.824977338E-1,-8.764320374E0,-3.626861572E-1,8.776369285E0
6.174263504E0,-4.324381351E-1,-8.565919876E0,-5.211694241E-1,8.592648232E0
6.179298904E0,-5.355910063E-1,-8.289405823E0,-1.044955015E0,8.372158479E0
6.184364822E0,-4.639292061E-1,-8.032735825E0,-1.650204897E0,8.213601606E0
6.189400222E0,-3.089859188E-1,-7.800290108E0,-2.191019058E0,8.108055413E0
6.194435623E0,1.807069778E-2,-7.649190903E0,-2.504096031E0,8.048661066E0
6.199501541E0,5.773093700E-1,-7.760932922E0,-2.547530651E0,8.188728738E0
6.204536941E0,9.146153927E-1,-7.367450714E0,-2.576782227E0,7.858476823E0
6.209572342E0,1.334735036E0,-6.842337608E0,-2.766809940E0,7.500289248E0
6.214638260E0,2.009189844E0,-6.723751068E0,-2.895433664E0,7.591390410E0
6.219673660E0,2.430747032E0,-6.499347687E0,-2.724052668E0,7.454563329E0
6.224709060E0,2.488848686E0,-6.128773689E0,-2.361630678E0,7.023783466E0
6.229774978E0,2.234749794E0,-5.877719879E0,-2.079546690E0,6.623157257E0
6.234810379E0,1.842363119E0,-5.772437096E0,-1.977743387E0,6.373915656E0
6.239845779E0,1.370463610E0,-5.597573280E0,-2.017510891E0,6.105845341E0
6.244911697E0,7.794144154E-1,-5.338869095E0,-2.072319031E0,5.779750532E0
6.249947097E0,2.608015239E-1,-5.046648979E0,-1.942507505E0,5.413872806E0
6.254982498E0,-1.535583138E-1,-4.802342415E0,-1.621287107E0,5.070960926E0
6.260048416E0,-4.794765711E-1,-4.574969292E0,-1.354482174E0,4.795296004E0
6.265083816E0,-7.900778055E-1,-4.402911186E0,-1.000260115E0,4.583707031E0
6.270119217E0,-9.158634543E-1,-4.314915657E0,-7.533873320E-1,4.474918487E0
6.275185135E0,-8.783534169E-1,-4.215305328E0,-7.515386939E-1,4.370939732E0
6.280220535E0,-6.870545745E-1,-4.058620453E0,-9.659121037E-1,4.228171018E0
6.285255935E0,-4.778414965E-1,-3.837678909E0,-1.121917486E0,4.026761820E0
6.290321853E0,-2.763694525E-1,-3.617070198E0,-1.064773440E0,3.780650654E0
6.295357254E0,-3.625959158E-2,-3.439702034E0,-9.033124447E-1,3.556520521E0
6.300392654E0,2.029941082E-1,-3.341391563E0,-8.210949898E-1,3.446781277E0
6.305458572E0,4.042680264E-1,-3.278939247E0,-7.240353823E-1,3.382174221E0
6.310493972E0,5.902135968E-1,-3.123120308E0,-6.049808264E-1,3.235465090E0
6.315529373E0,7.424638867E-1,-2.974439621E0,-6.000341177E-1,3.123873337E0
6.320595291E0,9.431875944E-1,-2.866303444E0,-8.284077644E-1,3.129146480E0
6.325600174E0,1.132753134E0,-2.657515526E0,-1.164720654E0,3.114818235E0
6.330666092E0,1.251465559E0,-2.424702644E0,-1.484995365E0,3.106535078E0
6.335732010E0,1.253770113E0,-2.294612885E0,-1.723778725E0,3.131868592E0
6.340767410E0,1.110634327E0,-2.259975433E0,-1.841657639E0,3.119727620E0
6.345802810E0,7.686969042E-1,-2.344633102E0,-1.805254698E0,3.057309902E0
6.350868728E0,3.126266599E-1,-2.352531433E0,-1.695439577E0,2.916617036E0
6.355904129E0,-1.252198815E-1,-2.281475067E0,-1.725366950E0,2.863162519E0
6.360939529E0,-3.355365992E-1,-2.222556114E0,-1.650743246E0,2.788779976E0
6.366005447E0,-6.806635857E-1,-2.223689079E0,-1.468649983E0,2.750459746E0
6.371040847E0,-9.001352787E-1,-2.052899361E0,-1.258010268E0,2.570453100E0
6.376076248E0,-9.058136344E-1,-2.085838318E0,-1.054275870E0,2.506534947E0
6.381142166E0,-1.047127962E0,-2.044919968E0,-7.923560739E-1,2.430226901E0
6.386177566E0,-1.448688626E0,-2.131103516E0,-1.739559695E-2,2.576936852E0
6.391212967E0,-1.563388705E0,-2.272587776E0,6.839437485E-1,2.841939214E0
6.396278885E0,-1.566004038E0,-2.122526169E0,7.034115791E-1,2.729885315E0
6.401314285E0,-1.281100750E0,-1.989652634E0,5.218809843E-1,2.423282174E0
6.406349685E0,-6.712529063E-1,-1.852267265E0,2.156085372E-1,1.981908557E0
6.411415603E0,9.261310101E-3,-1.691091537E0,-3.926892579E-1,1.736110945E0
6.416451004E0,6.460285783E-1,-1.584881783E0,-6.869139671E-1,1.844194672E0
6.421516922E0,9.464846253E-1,-1.495232582E0,-7.341119051E-1,1.915848092E0
6.426552322E0,1.215401411E0,-1.386204720E0,-8.596439362E-1,2.034146458E0
6.431587722E0,1.412271142E0,-1.214811325E0,-1.209628940E0,2.221143513E0
6.436623123E0,1.530135393E0,-1.083952904E0,-1.675000668E0,2.514337976E0
6.441689041E0,1.463225842E0,-1.106037140E0,-2.084690094E0,2.776739240E0
6.446724441E0,1.177424431E0,-1.063345909E0,-2.241510391E0,2.746161257E0
6.451759842E0,6.836066246E-1,-9.321756363E-1,-2.234582186E0,2.515874993E0
6.456825760E0,1.356744766E-1,-8.275136948E-1,-2.072164059E0,2.235408322E0
6.461861160E0,-3.411310911E-1,-7.924814224E-1,-1.761506200E0,1.961453879E0
6.466896560E0,-8.032027483E-1,-7.888116837E-1,-1.287595749E0,1.710339539E0
6.471962478E0,-1.132231712E0,-8.978242874E-1,-8.882599473E-1,1.696184788E0
6.476997879E0,-1.348471403E0,-9.543924332E-1,-5.376863480E-1,1.737338957E0
6.482033279E0,-1.366481662E0,-9.801492691E-1,-2.947441339E-1,1.707289907E0
6.487099197E0,-1.116975784E0,-9.153242111E-1,-2.236197889E-1,1.461321020E0
6.492134597E0,-8.168524504E-1,-7.671127319E-1,-3.770644069E-1,1.182322898E0
6.497169998E0,-4.841924906E-1,-6.455278397E-1,-4.063256383E-1,9.034650431E-1
6.502235916E0,1.150065660E-2,-5.289487839E-1,-3.261848092E-1,6.215429276E-1
6.507271316E0,3.584922552E-1,-4.052772522E-1,-2.680800557E-1,6.038487099E-1
6.512306717E0,1.050736070E0,-1.525039673E-1,-3.281009197E-2,1.062252442E0
6.517342117E0,1.307274103E0,6.902694702E-3,-1.177672371E-1,1.312586131E0
6.522377517E0,1.569288850E0,3.002166748E-2,-2.763289958E-2,1.569819216E0
6.527443435E0,1.706095576E0,1.681432724E-1,5.363956094E-2,1.715200128E0
6.532509353E0,1.789676428E0,2.513132095E-1,-9.923264384E-3,1.807262714E0
6.537544754E0,1.686118960E0,2.413606644E-1,-2.425639033E-1,1.720491025E0
6.542580154E0,1.431070566E0,2.028989792E-1,-4.244069159E-1,1.506403728E0
6.547646072E0,1.008957744E0,7.853221893E-2,-4.556546509E-1,1.109857738E0
6.552681472E0,5.450394154E-1,-2.173042297E-2,-3.316933811E-1,6.384047890E-1
6.557716873E0,1.022806168E-1,-1.745147705E-1,-2.103273869E-1,2.918121645E-1
6.562782791E0,-2.487277389E-1,-2.937250137E-1,-1.272086650E-1,4.053663975E-1
6.567818191E0,-4.897105694E-1,-3.651142120E-1,3.042372689E-2,6.115966259E-1
6.572884109E0,-6.932621002E-1,-4.078750610E-1,1.312377304E-1,8.149832801E-1
6.577919510E0,-8.046125174E-1,-3.933696747E-1,7.260564715E-2,8.985613969E-1
6.582954910E0,-7.664492726E-1,-3.718900681E-1,-6.941918284E-3,8.519359720E-1
6.587990310E0,-4.778203368E-1,-2.477474213E-1,-5.084007233E-2,5.406253527E-1
6.593025711E0,-1.987023354E-1,-1.286163330E-1,-1.623004079E-1,2.869951247E-1
6.598091629E0,4.961609840E-3,-7.660198212E-2,-2.193868309E-1,2.324286188E-1
6.603127029E0,1.773732305E-1,-5.570888519E-2,-2.387094796E-1,3.025672791E-1
6.608192947E0,4.813818336E-1,-1.088809967E-2,-1.674682349E-1,5.097966556E-1
6.613228347E0,6.595280170E-1,1.104917526E-1,-1.298471689E-1,6.812091602E-1
6.618263748E0,7.028580904E-1,1.672258377E-1,-1.353339106E-1,7.350437017E-1
6.623329666E0,6.810061932E-1,1.809549332E-1,-5.982246250E-2,7.071724330E-1
6.628365066E0,5.369167328E-1,1.971359253E-1,5.861823261E-2,5.749593448E-1
6.633400467E0,4.116544724E-1,2.086048126E-1,7.692842185E-2,4.678604007E-1
6.638466385E0,4.290618002E-1,1.603288651E-1,-1.416051015E-2,4.582574532E-1
6.643501785E0,4.744218290E-1,1.528196335E-1,-2.087586001E-2,4.988644242E-1
6.648567703E0,4.493993223E-1,2.051525116E-1,-1.751747355E-2,4.943219252E-1
6.653603103E0,4.114445746E-1,2.191982269E-1,5.345190689E-2,4.692457853E-1
6.658638504E0,3.600418866E-1,2.141265869E-1,9.888139367E-2,4.304159445E-1
6.663704422E0,2.924449146E-1,1.851778030E-1,1.382462978E-1,3.727289708E-1
6.668739822E0,2.466675043E-1,2.064638138E-1,8.338195086E-2,3.323021424E-1
6.673775222E0,1.864393950E-1,1.631393433E-1,-1.557623968E-2,2.482271390E-1
6.678841140E0,2.506551147E-2,1.963748932E-1,-9.663144499E-2,2.202930201E-1
6.683876541E0,-1.087219417E-1,2.247390747E-1,-1.195349991E-1,2.767972694E-1
6.688911941E0,-1.413019001E-1,2.099742889E-1,-1.538540274E-1,2.961865810E-1
6.693977859E0,-1.517808437E-1,1.927642822E-1,-2.714478076E-1,3.658953474E-1
6.699013260E0,-1.158198118E-1,2.233762741E-1,-4.248015881E-1,4.937282429E-1
6.704048660E0,-1.655364037E-2,2.347946167E-1,-5.376481414E-1,5.869140133E-1
6.709084060E0,1.060753465E-1,2.676992416E-1,-5.459181666E-1,6.172045915E-1
6.714149978E0,2.190883756E-1,2.623271942E-1,-5.457164645E-1,6.439112771E-1
6.719185379E0,2.943996489E-1,2.665596008E-1,-5.897294283E-1,7.109894322E-1
6.724220779E0,4.330001771E-1,3.019180298E-1,-6.206140518E-1,8.147425676E-1
6.729256180E0,5.541066527E-1,3.492317200E-1,-6.121608615E-1,8.965143039E-1
6.734291580E0,6.077910662E-1,4.180641174E-1,-5.094800591E-1,8.965252462E-1
6.739357498E0,5.844540596E-1,4.844875336E-1,-4.057203829E-1,8.607692763E-1
6.744392898E0,6.371880770E-1,4.695596695E-1,-3.912959099E-1,8.829538027E-1
6.749458816E0,7.059627771E-1,4.331979752E-1,-3.990873694E-1,9.194099504E-1
6.754524734E0,6.662669182E-1,3.849496841E-1,-3.834319115E-1,8.597196615E-1
6.759560135E0,5.440105200E-1,4.133291245E-1,-1.503657103E-1,6.995700521E-1
6.764595535E0,3.891099095E-1,3.651781082E-1,4.199521244E-2,5.352804595E-1
6.769661453E0,2.631816864E-1,3.218774796E-1,1.321374923E-1,4.362682991E-1
6.774696853E0,6.786671281E-2,3.336086273E-1,2.736665905E-1,4.367997363E-1
6.779732254E0,-1.016502380E-1,2.927112579E-1,3.490047157E-1,4.667086275E-1
6.784798172E0,-1.979795992E-1,1.944360733E-1,3.321335316E-1,4.327978640E-1
6.789833572E0,-2.979870141E-1,1.225404739E-1,3.212855160E-1,4.550129791E-1
6.794868972E0,-4.615320563E-1,3.154373169E-2,3.618617654E-1,5.873251087E-1
6.799904373E0,-4.974420071E-1,2.668952942E-2,4.707157314E-1,6.853715643E-1
6.804939773E0,-5.109665394E-1,5.048179626E-2,4.781408310E-1,7.016080604E-1
6.809975174E0,-4.686307609E-1,2.637195587E-2,4.559232891E-1,6.543518286E-1
6.815041092E0,-4.059015810E-1,7.042884827E-3,2.818536460E-1,4.942136922E-1
6.820107010E0,-3.512982130E-1,-2.713203430E-3,2.092204690E-1,4.088899615E-1
6.825142410E0,-2.183329165E-1,-2.912521362E-3,2.115559578E-1,3.040290586E-1
6.830177810E0,-4.292005301E-2,-1.747035980E-2,1.402073652E-1,1.476666843E-1
6.835243728E0,2.351127565E-1,6.267547607E-3,-7.201028615E-2,2.459731118E-1
6.840279129E0,5.110720396E-1,3.957557678E-2,-3.348696232E-1,6.122895724E-1
6.845345047E0,7.591123581E-1,2.982902527E-2,-5.411283374E-1,9.327171171E-1
6.850380447E0,9.223667979E-1,-2.289772034E-2,-8.225889802E-1,1.236097668E0
6.855415847E0,1.295478582E0,-2.289772034E-2,-3.225718021E0,3.476211417E0
6.860481765E0,1.529984713E0,-1.256475449E-1,-2.884806395E0,3.267835440E0
6.865517166E0,9.347614050E-1,-3.931789398E-1,-8.665049672E-1,1.333866343E0
6.870552566E0,5.755736828E-1,-3.088293076E-1,-9.194894433E-1,1.127883612E0
6.875618484E0,3.011778593E-1,-3.321695328E-1,-1.049370527E0,1.141149948E0
6.880653885E0,2.478131652E-2,-2.956504822E-1,-7.093733549E-1,7.689173414E-1
6.885689285E0,-2.400382757E-1,-2.520027161E-1,-4.614206553E-1,5.779556763E-1
6.890755203E0,-3.860259354E-1,-4.020919800E-1,-2.712768912E-1,6.199073599E-1
6.895790603E0,-3.940528035E-1,-4.778766632E-1,-3.486436605E-2,6.203702453E-1
6.900826004E0,-3.548465967E-1,-3.933639526E-1,1.456747651E-1,5.494291980E-1
6.905891922E0,-3.015434444E-1,-3.185377121E-1,2.752295434E-1,5.178281805E-1
6.910927322E0,-1.766509712E-1,-3.729438782E-1,3.155505657E-1,5.194851888E-1
6.915962722E0,1.068937778E-2,-3.722839355E-1,4.006613791E-1,5.470275424E-1
6.921028640E0,1.242247522E-1,-3.118476868E-1,5.834923983E-1,6.731598232E-1
6.926064041E0,1.639429033E-1,-2.491292953E-1,7.733274102E-1,8.288413387E-1
6.931099441E0,1.584203839E-1,-1.267185211E-1,1.068341136E0,1.087431554E0
6.936165359E0,1.073147058E-1,2.651214600E-4,1.219781280E0,1.224492910E0
6.941200760E0,7.274559140E-2,9.356307983E-2,1.160668135E0,1.166703257E0
6.946236160E0,1.046985388E-1,1.245441437E-1,9.312804937E-1,9.453868974E-1
6.951302078E0,1.195176244E-1,7.894992828E-2,3.872832060E-1,4.129235224E-1
6.956337478E0,2.799290717E-1,-5.026912689E-2,-3.054960966E-1,4.173908664E-1
6.961372879E0,3.639920950E-1,-1.266632080E-1,-8.234361410E-1,9.091649420E-1
6.966438797E0,4.487434030E-1,-2.148494720E-1,-1.026687503E0,1.140884817E0
6.971474197E0,5.105036497E-1,-2.334785461E-1,-1.006619811E0,1.152566550E0
